timestamp,pressure,temperature,flow_rate,vibration,actual_anomaly
2026-01-01 00:00:00,76.98685661204493,191.19484349268802,479.7446517507685,1.7368769768490435,0
2026-01-01 00:01:00,74.44694279531527,187.39706946330216,495.66443987853444,2.1558459956881992,0
2026-01-01 00:02:00,77.59075415240277,180.4770429593614,476.2274023700012,2.3345577866313425,0
2026-01-01 00:03:00,81.0921194256321,174.82450577835542,490.7611541108288,3.255075062936076,0
2026-01-01 00:04:00,74.06338650110666,185.5857865089087,443.19155999138644,2.7226212498135034,0
2026-01-01 00:05:00,74.06345217220328,183.14788308337398,506.39881122118817,1.9658073723600435,0
2026-01-01 00:06:00,81.31685126202956,187.16154576022186,500.0361642608667,2.694414515767055,0
2026-01-01 00:07:00,78.06973891661164,185.08137441345576,475.4873410679543,1.8810784044246538,0
2026-01-01 00:08:00,73.1221024562602,188.3964217225547,519.7773700529722,2.9330764215548295,0
2026-01-01 00:09:00,77.17024017434386,175.71811830751545,528.1271041287968,2.3115501392728484,0
2026-01-01 00:10:00,73.14632922875015,190.5391525250746,451.7732040689308,2.4625455245043315,0
2026-01-01 00:11:00,98.13708098571897,221.5807968375392,327.1182566430136,6.030318659016876,1
2026-01-01 00:12:00,75.96784908626414,196.60208698100212,476.92572950638106,1.9851345725663,0
2026-01-01 00:13:00,67.3468790213688,174.48649745528346,471.80290696673404,1.9411527259548036,0
2026-01-01 00:14:00,68.10032866994787,193.88771042532198,524.8842452579524,2.266560269461598,0
2026-01-01 00:15:00,72.75084988303611,181.58328626770117,494.18521583681587,2.915351540407727,0
2026-01-01 00:16:00,70.9486755186623,174.7886559710844,492.0645547606817,1.8922615698092629,0
2026-01-01 00:17:00,76.25698933038109,176.1289133275654,439.8841290677974,1.3671377607557724,0
2026-01-01 00:18:00,71.36790369791515,177.43722153444543,519.0625409062768,2.3195364566364005,0
2026-01-01 00:19:00,69.35078519465884,183.39332757121534,462.8222481543958,2.720696319964368,0
2026-01-01 00:20:00,80.86259507568622,184.182683904284,501.79797890798983,2.9801046998955316,0
2026-01-01 00:21:00,74.09689479805385,175.41039996849136,508.32130813874574,2.3147354551658403,0
2026-01-01 00:22:00,100.2701128187517,219.80516326191213,390.81975787515955,5.335429357153599,1
2026-01-01 00:23:00,69.30100725514617,197.1381628688949,460.7353880264266,2.961560293702299,0
2026-01-01 00:24:00,72.82246910189927,193.8203453608057,409.41463532537523,1.7521033201218317,0
2026-01-01 00:25:00,75.44369035883946,183.49058935739225,505.51548634261087,2.3445916899267965,0
2026-01-01 00:26:00,70.3960256903108,180.3040278253456,554.0153354453256,2.576169555970023,0
2026-01-01 00:27:00,76.5027920733827,180.9602506137461,537.1683905881831,2.6796874885140136,0
2026-01-01 00:28:00,72.59744524032477,184.90814378184334,506.2897824582388,2.296077322723647,0
2026-01-01 00:29:00,73.8332250008269,171.81765947841276,485.25091443103855,2.5137764046823365,0
2026-01-01 00:30:00,72.59317355108242,177.94098770061325,524.2136778991193,1.5046690586348042,0
2026-01-01 00:31:00,82.40911273803574,166.65132740897928,470.7936140088659,2.2367006350664607,0
2026-01-01 00:32:00,74.94601110104827,183.19378498084222,514.2907330806866,2.681403485021787,0
2026-01-01 00:33:00,95.7691562841764,225.17756751762192,365.1641047749988,5.107082386298128,1
2026-01-01 00:34:00,78.29017964841276,176.134508301605,531.8062972249664,2.523593688635839,0
2026-01-01 00:35:00,70.11662540011591,192.59189410632027,582.7898011673324,2.678749000321079,0
2026-01-01 00:36:00,75.83545438001902,170.19387469598126,511.772479015363,2.362980319656894,0
2026-01-01 00:37:00,67.1613195044809,168.28500095832143,484.731091228775,2.5681855083986282,0
2026-01-01 00:38:00,69.68725580440628,181.7956145484798,499.2327706342402,2.1149069738861552,0
2026-01-01 00:39:00,75.78744494347649,188.37678642089725,446.92772285332643,2.4173554881215815,0
2026-01-01 00:40:00,77.95386631998164,193.47142153166294,479.15860606732826,2.744086467835689,0
2026-01-01 00:41:00,75.68547312475988,176.3289258970485,487.7215268566069,2.562789184387374,0
2026-01-01 00:42:00,74.53740687044704,188.62944666745037,484.27734806196224,2.2653874921744257,0
2026-01-01 00:43:00,73.79558521764284,179.69193224399433,504.57064616101167,2.5896865617163174,0
2026-01-01 00:44:00,69.0859120385303,178.61898160047343,475.327402028534,2.785843916254647,0
2026-01-01 00:45:00,72.12062316642117,187.06927949989338,533.6309200197342,1.6800234885690086,0
2026-01-01 00:46:00,73.15744491616086,185.21858302730735,500.0062119475459,2.9636296259823594,0
2026-01-01 00:47:00,79.22848890487566,167.38886274412602,499.72099036584154,2.365498104527571,0
2026-01-01 00:48:00,76.37447315827384,191.81232279780716,490.16315850461245,2.6701959732960923,0
2026-01-01 00:49:00,67.94783937854906,191.04073083317962,504.65572051576936,2.978898769458091,0
2026-01-01 00:50:00,76.29633587757918,174.99549838792376,524.752947940029,1.9513305211078136,0
2026-01-01 00:51:00,73.45967087833473,183.16642826749927,473.986093528673,2.2162235990289814,0
2026-01-01 00:52:00,72.29231199877617,183.9522414902619,480.2565053277423,2.3845805216497182,0
2026-01-01 00:53:00,77.44670515536347,182.08539012659125,490.88821913670006,2.1864985915502286,0
2026-01-01 00:54:00,79.1239980899838,175.59755876923663,459.62387229580355,3.1939746303347234,0
2026-01-01 00:55:00,78.7251204764648,174.6270130564956,475.42226420835505,2.1572911624692828,0
2026-01-01 00:56:00,71.64312990710944,179.79556743206842,485.71337379366025,2.2777812882052535,0
2026-01-01 00:57:00,73.76315049659515,189.3818321540749,526.2316754213819,2.581755612641191,0
2026-01-01 00:58:00,76.32505372561425,184.34880123675546,507.8768398700577,2.0191401895695646,0
2026-01-01 00:59:00,103.90218050848944,217.03508534331115,355.8076973410263,5.341727715297495,1
2026-01-01 01:00:00,73.08330304861884,186.17358968518676,525.5269388650391,2.6269813045000703,0
2026-01-01 01:01:00,74.25736409334473,157.21165903495938,495.8788463480181,2.3668558382469955,0
2026-01-01 01:02:00,70.57466010397589,189.19012560297682,511.7139454978667,2.4626452564400205,0
2026-01-01 01:03:00,70.21517350367732,166.0822897697752,496.90334741202514,2.2882671550206517,0
2026-01-01 01:04:00,78.2501032895768,177.10047246877494,507.9608704819889,1.8942118763276932,0
2026-01-01 01:05:00,80.4249601142833,171.04264084299086,482.51724027165255,2.6286372845356953,0
2026-01-01 01:06:00,74.71195951367866,169.64254819423275,426.83548525170715,3.201973228658897,0
2026-01-01 01:07:00,79.0141315915681,189.28661429902814,495.9716251344109,2.507360652313375,0
2026-01-01 01:08:00,76.44654410019054,176.25839038950488,542.6824440829982,2.59010564689902,0
2026-01-01 01:09:00,72.41952098157951,182.77203105384572,527.7864620672477,2.7770891020467436,0
2026-01-01 01:10:00,76.44558242203365,179.62463536896652,528.9619245377352,1.9922678013813204,0
2026-01-01 01:11:00,81.15214626586388,183.81632661778497,537.0839216541865,3.1810058632518423,0
2026-01-01 01:12:00,74.85669584356019,180.61457512848204,502.6597277288431,2.5809315185691206,0
2026-01-01 01:13:00,81.25857462325602,169.73606220649145,505.9194712221679,3.1527427596356437,0
2026-01-01 01:14:00,64.52101958364102,187.97013455557712,481.4704431369695,2.2067868017904044,0
2026-01-01 01:15:00,78.2876100175009,176.0499473347095,490.5178143191885,3.22722476902313,0
2026-01-01 01:16:00,75.34818827295268,167.547344810722,518.4731344931342,2.810062197613913,0
2026-01-01 01:17:00,73.80397059813653,176.5750787122727,536.1165331150645,2.7212160343409435,0
2026-01-01 01:18:00,75.367043106142,192.0060783250745,495.81661172957,2.593609781741259,0
2026-01-01 01:19:00,67.04972434159643,186.80177393690795,486.49432205445765,2.40058855277022,0
2026-01-01 01:20:00,74.12131244864995,177.21078292473712,500.01583876569794,2.980212663389549,0
2026-01-01 01:21:00,76.42845028604698,177.20593836545257,518.0362024678734,2.5561439479392187,0
2026-01-01 01:22:00,80.91157617896606,177.42691959026095,456.68435551599373,1.7131721185651392,0
2026-01-01 01:23:00,72.9269191269054,196.61398386848674,431.1145714058829,2.053125415317199,0
2026-01-01 01:24:00,71.76602558842725,183.05548361785242,483.4838945152525,2.425661699122901,0
2026-01-01 01:25:00,72.99297182566185,183.44033317752854,463.37862722257523,2.623999593266222,0
2026-01-01 01:26:00,78.66160847080829,188.24226763225474,484.7557940705807,2.4773646044400417,0
2026-01-01 01:27:00,76.31500443863874,181.9103132722121,495.56659043547586,2.987588315917465,0
2026-01-01 01:28:00,72.88095918493184,177.92766283343437,486.4025477293096,1.7195592543845502,0
2026-01-01 01:29:00,77.05306973245342,178.42920120732018,543.5740260341223,2.5574351746020643,0
2026-01-01 01:30:00,75.38831019739216,179.4271899246875,509.8023429380696,1.772808309845138,0
2026-01-01 01:31:00,78.87457996213156,179.70222210792127,509.0142307883248,2.8038849181936674,0
2026-01-01 01:32:00,72.19178762449059,185.82103634909583,518.666214321302,2.462216514223199,0
2026-01-01 01:33:00,73.68935141360893,180.4155670864584,465.83500646657694,2.6678439888096475,0
2026-01-01 01:34:00,73.43156738747138,185.86112061772462,531.173353622608,2.1544468157640937,0
2026-01-01 01:35:00,69.14594020747153,179.35426735913134,497.7270714039362,3.0117859726631004,0
2026-01-01 01:36:00,76.18448110825831,180.62908152252874,520.1144185172363,2.9166898656235407,0
2026-01-01 01:37:00,76.04422108871955,164.01439452374314,467.84428300879534,2.7334177212047552,0
2026-01-01 01:38:00,75.02045382656985,187.33062139761986,453.38723701951807,2.4481931012546236,0
2026-01-01 01:39:00,74.06165146649941,182.77190780718394,524.5366897407508,2.731942914118053,0
2026-01-01 01:40:00,69.33851703179835,187.98408087887722,511.2922857829255,2.21724297280506,0
2026-01-01 01:41:00,73.31741870893856,156.82995697445048,472.93845336927467,2.842222263608285,0
2026-01-01 01:42:00,73.62914193389292,196.7069976382458,473.91010756175916,3.1597923577295686,0
2026-01-01 01:43:00,96.79089092311352,218.8832829747586,383.76304353244313,5.928244223991674,1
2026-01-01 01:44:00,74.35485715333596,188.86546253390014,464.31764321398015,2.208159012077036,0
2026-01-01 01:45:00,76.61620342725816,171.68075258299575,549.280188597679,2.644566926909241,0
2026-01-01 01:46:00,82.54474360484213,184.90219124050057,472.9813779605639,1.9827433824965408,0
2026-01-01 01:47:00,75.69831125132735,171.57267549461076,519.1517577682515,2.7289561244702703,0
2026-01-01 01:48:00,76.03020156289105,175.00984831443355,490.1414457275305,2.6802413651450157,0
2026-01-01 01:49:00,74.70221633693534,195.3122508309343,518.0956229324703,1.7520734641871343,0
2026-01-01 01:50:00,67.32491513880383,178.47454079389323,483.6765799365742,2.0352864624350544,0
2026-01-01 01:51:00,74.89394449820313,181.7394629854378,495.1162128178312,2.386744441302493,0
2026-01-01 01:52:00,100.2409208397641,226.96054184551002,351.2275752618716,5.37965610114367,1
2026-01-01 01:53:00,84.85296844994114,183.96545510378084,469.9343763265558,2.016209225832478,0
2026-01-01 01:54:00,74.2305561408755,181.20335124114862,522.2247303626037,2.6555914917408736,0
2026-01-01 01:55:00,76.20618936933445,182.9196880197298,484.6035930058524,2.600589443576205,0
2026-01-01 01:56:00,74.86115292117903,199.2273246819062,493.1420025397994,2.422292347208592,0
2026-01-01 01:57:00,70.32528784952187,179.53904962373133,470.16951876174465,2.197683399936655,0
2026-01-01 01:58:00,79.57129125806009,181.60879237371975,423.12999023614066,2.9194828505666255,0
2026-01-01 01:59:00,78.0077321307471,188.4052351680609,494.26916712199494,3.162162845235318,0
2026-01-01 02:00:00,78.16412778817218,188.84420746366388,572.3784626483875,2.306575406461385,0
2026-01-01 02:01:00,71.36245018082104,189.49624244448304,523.5381286369408,2.255133233138072,0
2026-01-01 02:02:00,80.6111772437444,185.10984177623348,499.42218860796817,2.6964830661647987,0
2026-01-01 02:03:00,69.39259574883087,170.85596069815614,492.113275123752,2.3567882481012057,0
2026-01-01 02:04:00,77.34742837520108,193.06745225840876,500.6739767843614,2.4442411197347065,0
2026-01-01 02:05:00,83.76182250323991,170.8292368558505,516.4135734552563,2.7958612606898687,0
2026-01-01 02:06:00,71.03785469947725,182.42108372191225,464.57561554073465,1.7362575649970828,0
2026-01-01 02:07:00,72.7348090815889,173.96579319984514,533.4296508400662,3.0273209299410677,0
2026-01-01 02:08:00,75.39860546035057,179.48689322725605,521.4614394632373,2.5290722097317366,0
2026-01-01 02:09:00,72.98609738353521,182.63009928242784,521.5455717712381,2.3354027421751278,0
2026-01-01 02:10:00,68.79734627573546,182.5708577236022,513.1542721642918,2.4643063383114203,0
2026-01-01 02:11:00,75.27425189922411,183.37536603388227,500.5884997308197,2.4849717420082076,0
2026-01-01 02:12:00,70.75078514509558,192.90969015246918,520.1858370790046,1.8075194786220297,0
2026-01-01 02:13:00,76.89436972254073,183.62827441211184,517.7544240122413,3.0979752909812945,0
2026-01-01 02:14:00,71.3223030630648,178.04674691767482,489.3787786717693,2.516530252908247,0
2026-01-01 02:15:00,81.19973762007015,187.71269734630687,482.791946813093,2.67720085217895,0
2026-01-01 02:16:00,71.86698683065505,189.51576391139713,503.0556888578596,2.880619908229617,0
2026-01-01 02:17:00,73.7117539351773,170.17913747890407,546.4706045448556,2.0915350169758797,0
2026-01-01 02:18:00,78.25406886947867,184.77920055879886,462.826787730383,2.6893887596140913,0
2026-01-01 02:19:00,70.07654273426418,185.6093819384872,455.9742420274268,2.3929435636404826,0
2026-01-01 02:20:00,75.90983973841652,177.61949197312006,504.9428252370955,2.8387083100865977,0
2026-01-01 02:21:00,80.22857101712971,191.00565450649296,501.5266310556805,1.649109031859402,0
2026-01-01 02:22:00,68.57006706175508,178.7995553037398,505.20024993111224,2.4603622799034923,0
2026-01-01 02:23:00,75.73853543412922,181.00461162777233,507.318595937255,2.258871737686415,0
2026-01-01 02:24:00,76.03953117699369,178.61542540572904,493.30393236095586,2.6729051802536623,0
2026-01-01 02:25:00,78.12729148710925,180.12463238065175,544.6959031580625,2.688017674947281,0
2026-01-01 02:26:00,70.05219715648767,171.2297993048384,451.97288064570455,2.2169496420711896,0
2026-01-01 02:27:00,69.7181735476629,168.47959293924563,475.1450892565926,2.2151304543295827,0
2026-01-01 02:28:00,77.0877662624676,192.75604050579977,496.90235719552857,2.455733852577068,0
2026-01-01 02:29:00,76.18793869293275,173.22430921345338,450.70433566537497,2.1413431090739166,0
2026-01-01 02:30:00,76.0019714013835,172.06886120434953,494.72436786703787,2.8367934781808506,0
2026-01-01 02:31:00,76.3857928379879,162.7728790911703,549.8441049718406,2.3523171198210218,0
2026-01-01 02:32:00,72.27990111368604,174.88830601848397,500.62659464887884,1.3372047122713433,0
2026-01-01 02:33:00,75.92901478864401,169.41528165274002,506.9210271715605,2.3500711773512775,0
2026-01-01 02:34:00,76.17228989319473,193.13612128109096,462.1950570448226,2.084582471662411,0
2026-01-01 02:35:00,72.14259432789453,188.07853671474106,481.50915775881566,1.847489673815622,0
2026-01-01 02:36:00,82.46309804457903,174.4947972385782,488.7441085902819,2.005029344710971,0
2026-01-01 02:37:00,76.89533168364716,198.01948644275447,490.468547097313,2.543763388733188,0
2026-01-01 02:38:00,70.2347860111894,187.85412389593276,538.4493138501131,3.0314563312992924,0
2026-01-01 02:39:00,102.62621443453531,217.401348931931,366.7307318217537,5.625273789545992,1
2026-01-01 02:40:00,71.10127331909071,160.0047542810114,466.65626129188905,2.257398644713704,0
2026-01-01 02:41:00,78.14833841496981,198.32754058072592,507.39514335296013,2.682361678068281,0
2026-01-01 02:42:00,79.63438231602962,168.88342026589123,514.9466524549035,2.3163638759124034,0
2026-01-01 02:43:00,71.71727072659316,166.83681002434486,534.204471155638,2.2221598523347423,0
2026-01-01 02:44:00,78.85350451697728,188.18056345607712,547.4162205970512,2.0382549327068062,0
2026-01-01 02:45:00,76.651123707746,199.5180192507142,469.54717424516394,1.7992684772993122,0
2026-01-01 02:46:00,78.28824063997796,191.07418254808414,475.67427466368986,2.344030517376222,0
2026-01-01 02:47:00,82.5871719306158,184.51127296041886,462.2726642325615,2.5632213959680525,0
2026-01-01 02:48:00,74.01844753598851,184.7580347333223,492.97940422679056,2.4613505319940443,0
2026-01-01 02:49:00,71.98505534257004,186.82732447024247,513.99075123339,2.3336132288210565,0
2026-01-01 02:50:00,71.4419422814979,186.07142871829413,529.620035497673,2.1217015757212874,0
2026-01-01 02:51:00,71.73675886013825,182.249531391755,497.7214692907243,2.7432984766739876,0
2026-01-01 02:52:00,74.69159316234358,180.833608831615,490.40457430235466,1.973147232021366,0
2026-01-01 02:53:00,76.36460789926657,179.49925497680383,504.5527397674622,2.8104111655373902,0
2026-01-01 02:54:00,76.10676319732008,173.9682832890666,474.9457129510993,2.09911319242931,0
2026-01-01 02:55:00,78.3087329961441,177.7545993850658,562.6861616508432,2.199025905058786,0
2026-01-01 02:56:00,75.05200756751162,166.45634548643693,451.77016918645825,1.9132859237537292,0
2026-01-01 02:57:00,80.81413630862927,179.213282985642,505.54221736687174,2.2994391412457453,0
2026-01-01 02:58:00,73.94137266704817,172.09127114279266,560.7081865768891,2.8901249833911917,0
2026-01-01 02:59:00,85.88067666635848,171.17128546227383,500.20399533679995,2.7062512353775827,0
2026-01-01 03:00:00,77.50266939106002,181.43915320922784,494.2988289499552,2.891368844811214,0
2026-01-01 03:01:00,71.57136977433487,191.1360182907568,489.2766373156872,2.7088570183735743,0
2026-01-01 03:02:00,70.71643000775555,187.3465328480185,494.58824954712776,2.0585320685878523,0
2026-01-01 03:03:00,76.92988966097275,167.43599517101458,541.1854542402959,2.367684310268977,0
2026-01-01 03:04:00,74.1061488586966,172.0829749074373,433.64414266011477,2.187920348353015,0
2026-01-01 03:05:00,77.85600197636836,187.52616950390572,546.0030110388898,3.032229961615616,0
2026-01-01 03:06:00,76.89295049829418,172.14010085169352,457.28128542649563,2.021284541429475,0
2026-01-01 03:07:00,74.7086843493725,178.2029348000238,492.00043012296754,2.8574790757556445,0
2026-01-01 03:08:00,71.61282512772638,184.4004167921964,487.1226673910401,2.8571815480435077,0
2026-01-01 03:09:00,68.94061110125654,172.2532443610909,517.6565980931216,3.2318480806864347,0
2026-01-01 03:10:00,73.21394019173192,180.8430040491677,452.05626944348757,2.3361253629482013,0
2026-01-01 03:11:00,78.42559517729389,169.32779604065436,513.8651799824582,2.784928863832065,0
2026-01-01 03:12:00,75.85637497652081,175.1890588483903,560.7292886986056,3.412660734615537,0
2026-01-01 03:13:00,70.01704488515205,182.5582554731403,459.1047798622157,2.2529433292265213,0
2026-01-01 03:14:00,75.69272370340472,167.25605013174663,505.69118502831185,1.885983900987056,0
2026-01-01 03:15:00,76.54126951891534,183.5237979036832,480.14053466610176,1.7479959864368944,0
2026-01-01 03:16:00,71.46457025519547,179.84289760858655,512.7766161857911,2.7850848115445324,0
2026-01-01 03:17:00,75.61490042378212,184.41991963533718,500.57443332247254,1.7467399167765665,0
2026-01-01 03:18:00,75.232834873784,181.79131307251728,480.7553927286707,2.351072378824831,0
2026-01-01 03:19:00,70.42811880867751,190.91312343979075,514.6361685461322,2.6749252748155845,0
2026-01-01 03:20:00,76.43114944139313,181.00179602118325,554.1304432936023,2.5740702147319654,0
2026-01-01 03:21:00,77.24313810547294,176.56475567099798,494.27288624818107,2.670177945673669,0
2026-01-01 03:22:00,79.3322049727011,180.97838002425826,521.5927382644454,2.588915942320342,0
2026-01-01 03:23:00,79.21520820813961,184.34638423229111,461.20181126386507,3.0115463253253574,0
2026-01-01 03:24:00,69.48932252817164,180.39088056260564,471.30690869545975,2.1190734477044813,0
2026-01-01 03:25:00,71.24869984033951,180.32473352963106,514.1721883364113,2.2292019446165874,0
2026-01-01 03:26:00,77.06014106883464,174.38406649754594,544.523480856079,2.19093622189167,0
2026-01-01 03:27:00,77.05514380364883,174.6967926595924,510.6684004635698,2.8320767247450442,0
2026-01-01 03:28:00,77.06019074522419,168.77915782560245,490.60825908430536,2.8601594353580255,0
2026-01-01 03:29:00,90.41092596261889,193.9966139454955,499.9787421627006,2.680490127727403,0
2026-01-01 03:30:00,77.28356204277267,170.04909411686972,462.4877679809085,2.973397466755971,0
2026-01-01 03:31:00,79.54226256072239,174.45675841763273,518.135459790661,2.0287836530494476,0
2026-01-01 03:32:00,78.81600705397281,174.25274187544642,526.4699918697023,3.166889644620455,0
2026-01-01 03:33:00,77.6055650052232,187.15939501555553,486.4372900150076,3.1092954486849034,0
2026-01-01 03:34:00,73.73892302143862,177.64040257366378,485.89873556721494,2.7942487988982987,0
2026-01-01 03:35:00,78.03587688197307,189.98193658138987,507.97634688956146,3.212719563508424,0
2026-01-01 03:36:00,71.90869914184971,174.61207500604905,486.89840791878214,1.8373507169288903,0
2026-01-01 03:37:00,74.05272557303996,182.23195329779043,498.01602156122533,2.2902207454949393,0
2026-01-01 03:38:00,73.05854580868359,173.31722357392195,562.9916536749954,2.205878615727219,0
2026-01-01 03:39:00,75.32749655754529,197.1611930221871,492.5892289776201,2.7885917295029374,0
2026-01-01 03:40:00,84.25863426669403,170.4992126477639,489.2497954393633,2.0799437041591418,0
2026-01-01 03:41:00,67.530939229633,182.4785656818162,480.5737458309452,2.8029980597349944,0
2026-01-01 03:42:00,77.74504076149806,185.0702150474568,522.3257591449981,3.0482144575986854,0
2026-01-01 03:43:00,68.5491365152414,183.310392779612,494.5632748034569,2.7780811600336,0
2026-01-01 03:44:00,73.11227253684227,178.51769872897833,480.51880885035723,2.6135004094646006,0
2026-01-01 03:45:00,79.35580238786946,178.9614344021326,539.6391209681904,2.1048506636397004,0
2026-01-01 03:46:00,75.25712007638185,180.35049177583286,542.5880901354092,2.1612596135498543,0
2026-01-01 03:47:00,70.68902088828277,178.82398398697208,481.98729302783886,2.9998475621186667,0
2026-01-01 03:48:00,72.13878516296013,187.71103293435928,444.0038014591815,2.8117396015621328,0
2026-01-01 03:49:00,77.7183909957387,197.6841840127308,530.2254106951077,2.4843921922489822,0
2026-01-01 03:50:00,72.07853347313146,175.54006571993733,479.4611052271999,2.3328361816936436,0
2026-01-01 03:51:00,75.8658343583279,169.04157616336738,523.718767974883,1.6896768507554492,0
2026-01-01 03:52:00,100.18228735961526,219.29374361318997,290.89688546864494,5.071659032526224,1
2026-01-01 03:53:00,72.39359860957673,200.63767470123454,526.7779201489793,3.264567634855889,0
2026-01-01 03:54:00,83.57577635730131,173.57060345624217,463.66484212157656,1.9878177715990133,0
2026-01-01 03:55:00,77.53567608927204,193.11293444355255,521.9229235719957,2.575791928488432,0
2026-01-01 03:56:00,66.89942965336957,193.42160651261153,500.42819203509305,2.9029775892780796,0
2026-01-01 03:57:00,75.74581725907771,175.57129406633604,471.38181741810064,1.9980309327990828,0
2026-01-01 03:58:00,72.35285414092645,184.5518646334822,487.78891061219656,2.5738841899124334,0
2026-01-01 03:59:00,78.4097333391849,193.0271729850283,520.589553708701,2.875166215004262,0
2026-01-01 04:00:00,71.8299170462692,176.9669780721001,503.17683359345705,2.5049997287629,0
2026-01-01 04:01:00,74.5410542341324,178.3713571191811,517.5323894141745,3.6473612222667073,0
2026-01-01 04:02:00,77.01994911592183,175.34655268841084,559.2932175354646,1.832560296448722,0
2026-01-01 04:03:00,103.46302077668048,211.88194615445707,303.0727516486685,5.9234914119535516,1
2026-01-01 04:04:00,70.19881437177689,174.80577963947195,548.5163772490587,2.4308793050414144,0
2026-01-01 04:05:00,73.6619950566362,170.20847786590195,503.13067812569636,2.80876806193467,0
2026-01-01 04:06:00,73.10021875535618,180.2726677460738,473.03647855030613,2.6765228606796985,0
2026-01-01 04:07:00,72.38668306970516,173.84021415153086,460.0905912278303,2.2067375211560014,0
2026-01-01 04:08:00,82.06181696112439,181.87028729432598,494.326388276689,2.5915985569837363,0
2026-01-01 04:09:00,76.61992684384383,167.55283483037098,527.6495033577338,1.7568394194406851,0
2026-01-01 04:10:00,69.95646418265981,182.64704185771566,496.17352638867396,2.7412990002285573,0
2026-01-01 04:11:00,78.6714477882191,186.6682316928714,545.3346479074204,2.6192633863962103,0
2026-01-01 04:12:00,83.48862478805053,164.05011485942836,456.4647292984532,2.755464067457241,0
2026-01-01 04:13:00,79.12986104220458,182.99245255878057,499.63733156461836,2.9232473300348603,0
2026-01-01 04:14:00,68.92252013618395,189.82135193978633,462.4281966676064,2.6470479360838843,0
2026-01-01 04:15:00,73.063063708535,170.32287185047036,510.908956478749,2.5592357679193105,0
2026-01-01 04:16:00,80.06764459674649,193.38057909470163,526.606621702919,2.147572665335483,0
2026-01-01 04:17:00,72.16932213752487,183.35215207492837,487.3771461895684,2.2151116945403797,0
2026-01-01 04:18:00,76.77527771258491,174.35990515393274,421.873584301186,2.9746938480709324,0
2026-01-01 04:19:00,78.09853621371735,179.55384737873834,505.96844440389486,3.0745341622823914,0
2026-01-01 04:20:00,71.29227811368767,184.46661530017377,513.1021565520053,2.404755825475178,0
2026-01-01 04:21:00,74.7618985757528,180.6080431312993,512.1288426488509,2.5184010989013097,0
2026-01-01 04:22:00,87.03493063972371,224.31004793957095,387.07346575466465,5.1381542500024935,1
2026-01-01 04:23:00,70.90244943466284,172.63461125536506,467.86838961052854,2.969102738106978,0
2026-01-01 04:24:00,73.98972739442736,181.35488659228864,520.4064831635135,2.7661667294767116,0
2026-01-01 04:25:00,70.0088672721406,168.69028402476016,535.7752253743392,3.2764869745854996,0
2026-01-01 04:26:00,81.52964521572655,179.1101915092104,446.6423724798045,2.1486707691281044,0
2026-01-01 04:27:00,69.27943448815746,172.76873886828167,509.58955477756933,2.3487968403927133,0
2026-01-01 04:28:00,73.23982205321207,174.11576045928186,484.87460506976987,2.592578369010229,0
2026-01-01 04:29:00,75.52296230914436,189.8887454016835,497.5543198069506,2.7585958150903083,0
2026-01-01 04:30:00,80.76509315626446,188.73048096475415,510.43029450615006,2.4137329449809473,0
2026-01-01 04:31:00,69.25655139528224,184.8731049672574,485.38314307659346,2.1508155638185196,0
2026-01-01 04:32:00,79.65265500861983,171.26149788261938,479.7287576251517,2.8525630115694285,0
2026-01-01 04:33:00,75.04093224407835,177.4687324024416,501.02457252464075,2.7884541450182327,0
2026-01-01 04:34:00,71.0739653958082,189.70478159983347,467.3826218341159,2.13349035977451,0
2026-01-01 04:35:00,76.84841389705308,181.13373530911923,467.42524613344443,3.042177120442198,0
2026-01-01 04:36:00,75.79623878229388,198.55463631985356,520.3811984886951,2.9680794836786415,0
2026-01-01 04:37:00,72.59913249136483,183.14654271515496,465.5361789452403,2.5537185988991173,0
2026-01-01 04:38:00,75.27920833996008,181.53639293192026,519.9893750272763,2.5318391449504145,0
2026-01-01 04:39:00,73.45874561255296,177.52706828638,513.8777387856186,2.7216231084463627,0
2026-01-01 04:40:00,75.454069381005,181.06832723825826,448.2257981362821,2.155318771897497,0
2026-01-01 04:41:00,77.6485226980842,178.78024130895565,479.67306042993033,2.512012591665633,0
2026-01-01 04:42:00,81.34406726458141,185.6648694135087,535.8232820914212,1.6390465821563278,0
2026-01-01 04:43:00,70.04873800469261,187.65361853435667,470.5650340658095,2.8505822582011744,0
2026-01-01 04:44:00,83.53213349862507,173.7120843159364,486.06787213071834,1.875402711023256,0
2026-01-01 04:45:00,67.19164880190999,169.3501363715378,513.8618267975569,3.1013679313715996,0
2026-01-01 04:46:00,74.39285961985766,165.31035701517362,523.5017152784778,2.3679519624134198,0
2026-01-01 04:47:00,77.3532688259383,184.06393061530034,492.4538334186651,2.4153332072275293,0
2026-01-01 04:48:00,76.12396747094013,171.173067150609,482.0746941592507,2.248906437566198,0
2026-01-01 04:49:00,72.50920192071763,162.77687525638015,542.6710958509552,2.3847844504311695,0
2026-01-01 04:50:00,74.1675109985709,183.1086288362477,552.1669899139274,3.0674125380592145,0
2026-01-01 04:51:00,73.02799626136466,199.9439961394623,529.3657415234538,1.504876537385968,0
2026-01-01 04:52:00,72.64254097222316,179.95143270768085,502.5595442769507,3.010786154435275,0
2026-01-01 04:53:00,78.39840838808409,186.70792619561314,475.7520283507722,2.635209392440683,0
2026-01-01 04:54:00,76.42806194386019,180.65463486838053,475.08666780330304,2.0171913408571136,0
2026-01-01 04:55:00,72.22836161895738,179.20888277447085,515.6754231579728,2.0698750427803048,0
2026-01-01 04:56:00,78.598399501733,187.35261186390215,512.5519466266605,3.170557210883281,0
2026-01-01 04:57:00,76.22919808350643,177.6778036464908,542.0479577883929,2.1217972480229075,0
2026-01-01 04:58:00,78.25144847535584,182.13913851257522,519.5135027760841,2.038659795761616,0
2026-01-01 04:59:00,77.51851536769445,182.5735824495681,454.90759094720545,2.9549258169458916,0
2026-01-01 05:00:00,71.68401995631172,174.6552763708556,531.5584285316876,2.635421150514366,0
2026-01-01 05:01:00,72.75927583921212,187.93633879629218,470.0581811805676,2.1248297693854403,0
2026-01-01 05:02:00,77.98917442049304,178.60032194643674,488.48086184142943,2.5866499901618476,0
2026-01-01 05:03:00,77.44148106173385,173.95403872405726,507.50600618755084,2.089698926543889,0
2026-01-01 05:04:00,74.91639362414341,184.29207874856323,559.8700246935189,2.9403285593690422,0
2026-01-01 05:05:00,75.46930953323513,172.8122561456717,593.2975566801608,2.9245483859492536,0
2026-01-01 05:06:00,80.1106595831537,180.22544925895303,518.2016917740855,2.712802479528777,0
2026-01-01 05:07:00,72.63371444465668,179.92704802684636,494.5041014383884,2.6446644244988065,0
2026-01-01 05:08:00,77.18838952468015,188.68716452665262,516.0351694544165,3.2044752499469498,0
2026-01-01 05:09:00,74.19122939026443,183.79758586303961,526.6296627762151,2.49987453095529,0
2026-01-01 05:10:00,74.12927518709112,179.79978433003885,490.37997123328427,2.0272503498316796,0
2026-01-01 05:11:00,79.39510740794876,186.5421303936023,553.8563406773696,2.6797895651329227,0
2026-01-01 05:12:00,78.30166539595211,191.1216603921385,506.90212277574204,3.3344188198148457,0
2026-01-01 05:13:00,78.25403854400255,184.4624824508149,514.9322926727418,2.094096202725659,0
2026-01-01 05:14:00,80.22191522861732,180.08282095874705,519.9777275616339,2.3554148933224055,0
2026-01-01 05:15:00,75.08401536653103,169.50531014119872,512.6475983184337,2.666578415240581,0
2026-01-01 05:16:00,77.72781188517986,171.47909069539702,525.1682150140883,2.4784380603977043,0
2026-01-01 05:17:00,73.75893297362617,177.55820236516266,481.4824044035923,2.107078567849074,0
2026-01-01 05:18:00,76.29666540995377,175.12390238272573,483.2509473816191,2.948743142492188,0
2026-01-01 05:19:00,74.47942778252926,178.50422957611644,466.99537301084916,3.4280162888069037,0
2026-01-01 05:20:00,75.38798385997087,180.45319939917687,513.1850369186068,2.578452583609563,0
2026-01-01 05:21:00,77.38062810174766,184.23754203485385,523.3680951053634,2.1383726841056,0
2026-01-01 05:22:00,71.7271172670661,179.43600977552728,513.7331859845566,1.8804157899786098,0
2026-01-01 05:23:00,83.36954910274184,183.8920131506096,550.2347730004261,2.6031903924884725,0
2026-01-01 05:24:00,70.97593047400119,180.51579531848097,499.8321194351286,2.941550937326503,0
2026-01-01 05:25:00,70.14324554884907,164.19626746916902,520.0622496677754,2.6900670985981527,0
2026-01-01 05:26:00,79.63244349400027,172.48531684944996,467.24897371582057,2.4990384636324583,0
2026-01-01 05:27:00,78.16665077585175,178.84729955422708,488.387008925768,2.2642913392842776,0
2026-01-01 05:28:00,77.49647926820862,170.32244205727113,520.8661327269733,2.063134546912764,0
2026-01-01 05:29:00,77.51338203705711,184.79942983996963,525.4730633222944,2.8339005305299527,0
2026-01-01 05:30:00,74.95101290861234,192.2460066587496,491.1809915700745,2.8655086485542345,0
2026-01-01 05:31:00,71.41098251405667,189.75009481357853,497.852022444258,1.8817080853237067,0
2026-01-01 05:32:00,75.30321823277491,178.29245703255833,454.4637875995757,3.1359355912722737,0
2026-01-01 05:33:00,72.29135315395155,191.9258090947996,489.2891239758017,2.7296284883576005,0
2026-01-01 05:34:00,78.90047893367101,181.1893396576169,526.7114949055936,3.0598378580583177,0
2026-01-01 05:35:00,74.41177047399144,177.30331223105568,517.256150483197,1.963148900605954,0
2026-01-01 05:36:00,71.69801121282995,175.0927786916725,515.0199716414363,1.9536703378338243,0
2026-01-01 05:37:00,98.71445663338802,217.58024250809498,351.4932106154288,5.440412276093081,1
2026-01-01 05:38:00,76.6517258171025,176.89458545167017,500.2118947588453,2.7011137707580777,0
2026-01-01 05:39:00,72.7451017887841,181.3633297790039,480.1903658157966,3.2185443291707854,0
2026-01-01 05:40:00,71.71111841773427,181.28459184839892,520.9648526060761,2.7824315655260525,0
2026-01-01 05:41:00,75.97474884596765,180.02436816122733,512.6291883316817,2.4029274892751866,0
2026-01-01 05:42:00,75.97986628443489,183.49550535797079,514.7605654397839,2.089452316933643,0
2026-01-01 05:43:00,72.97222729851548,189.52517019829074,484.2189547199726,2.99200022908766,0
2026-01-01 05:44:00,73.11584677752671,187.5964330835306,435.3997124038627,2.114117829699714,0
2026-01-01 05:45:00,100.92819974943055,208.12081625240077,382.91458135261087,6.151387421908929,1
2026-01-01 05:46:00,69.2076626340107,159.56863092078436,485.6348763197479,2.3862461401573962,0
2026-01-01 05:47:00,69.37014490249378,187.4745592899142,474.1167270787064,3.13623282904714,0
2026-01-01 05:48:00,72.12622311499025,169.06497041267664,520.8043673574198,2.7715725160237112,0
2026-01-01 05:49:00,74.14621139315261,178.20187678485854,488.2396208024261,2.4452018042230166,0
2026-01-01 05:50:00,76.24363026239202,170.63909579152514,531.7980915213986,2.2922414512695495,0
2026-01-01 05:51:00,80.90142486779821,165.58415649935984,518.5101784873009,2.3636368490615682,0
2026-01-01 05:52:00,78.43063849280807,184.3317018256383,520.5070796960143,2.671326676950095,0
2026-01-01 05:53:00,74.3602458801463,186.07324128242118,459.021328663984,2.5308625984870865,0
2026-01-01 05:54:00,74.92393516838925,175.38791679418625,536.358319561592,2.262475436772518,0
2026-01-01 05:55:00,70.98988254144876,159.27166166284073,507.83751593701567,2.433747435872947,0
2026-01-01 05:56:00,74.92594745603044,175.63004441398013,488.9216858226139,2.53143081188766,0
2026-01-01 05:57:00,73.84536544431944,183.1344320432204,504.3016540202675,1.648506362234075,0
2026-01-01 05:58:00,76.29087424135236,168.16870744980696,446.7129430130504,2.6832672459154794,0
2026-01-01 05:59:00,71.69107622579071,181.46687935823326,512.2595843444201,2.108111510113277,0
2026-01-01 06:00:00,77.07738605696468,179.87752120661602,469.11885475453784,2.038667038717702,0
2026-01-01 06:01:00,81.13095565201031,184.6343319968087,459.41989142469396,1.8250622611557157,0
2026-01-01 06:02:00,99.56495940617258,220.9566429473132,304.3292244134633,4.782443000852844,1
2026-01-01 06:03:00,76.60684688839576,172.21544847294754,533.3806512496977,1.9578209987550843,0
2026-01-01 06:04:00,77.76057596684446,189.57257201331592,481.12209818921633,2.2163916169478037,0
2026-01-01 06:05:00,73.39511811245666,178.73176341578423,546.011831297495,3.2813036550106274,0
2026-01-01 06:06:00,75.89636992724166,179.78156368392055,483.9259561084311,2.289648129641918,0
2026-01-01 06:07:00,75.05036960312718,172.53385632741444,448.7792612722116,2.5711000425072124,0
2026-01-01 06:08:00,75.39070439419532,176.4537419904679,466.5042668015402,2.6601925546025313,0
2026-01-01 06:09:00,71.90796086457813,172.9215782877848,537.0743486002082,2.5524260744863394,0
2026-01-01 06:10:00,75.09804069703577,178.61643152061262,495.32305466189996,2.4690226157096027,0
2026-01-01 06:11:00,76.99199316498179,193.69366784113873,483.55138110528196,2.0218824945603022,0
2026-01-01 06:12:00,80.80457443118017,169.02479085654915,504.80054677558365,3.0803710193116847,0
2026-01-01 06:13:00,78.83708330434082,167.09150881698608,515.0534820850263,3.222878657455154,0
2026-01-01 06:14:00,108.61272983004622,231.76936261994888,383.5219644770739,4.826936522350925,1
2026-01-01 06:15:00,71.93060974844781,178.32541058278508,543.4549768967878,2.090388563645448,0
2026-01-01 06:16:00,78.48928254688272,174.64741809072066,489.2069406263274,2.3880758630491976,0
2026-01-01 06:17:00,75.73336802295341,188.31923749916862,460.21856941753884,2.1141848820359233,0
2026-01-01 06:18:00,83.75921173287068,175.1550756821051,487.59604516630174,2.702386221382346,0
2026-01-01 06:19:00,71.7668068585794,194.6080777083755,507.80841519748657,2.2086911190373546,0
2026-01-01 06:20:00,71.6411126312769,185.42340697071415,471.08723221368166,3.366022427122641,0
2026-01-01 06:21:00,72.6024294182239,176.09670873483438,471.28547255314874,2.9762194377374387,0
2026-01-01 06:22:00,66.50441710276077,197.258465706124,510.31363644649656,2.585029612252886,0
2026-01-01 06:23:00,72.89697991327695,175.1542806159733,498.5404294528865,2.910794505327893,0
2026-01-01 06:24:00,71.96346935378521,185.93676297607445,500.9839098623476,2.9423601697429236,0
2026-01-01 06:25:00,75.60157514590483,182.39434064325192,477.2451399589979,2.274421004776703,0
2026-01-01 06:26:00,76.36702390310863,190.41393031519038,493.087978573827,2.173513102183214,0
2026-01-01 06:27:00,82.50468335686355,192.4920895738148,472.27300567195084,2.531257225187859,0
2026-01-01 06:28:00,78.8016953527442,180.25603319252613,526.7059523337437,2.8446544497991777,0
2026-01-01 06:29:00,72.69238537735039,173.97265703723053,531.0574800417126,2.555624159461367,0
2026-01-01 06:30:00,71.40634131460656,183.67977714351292,444.6143641328572,1.869201407123601,0
2026-01-01 06:31:00,76.96767668602602,174.57827704198314,472.1146741942277,2.178870222419663,0
2026-01-01 06:32:00,69.71906717191743,196.10709798021298,455.1041223472976,2.4704108545622487,0
2026-01-01 06:33:00,82.32583506341741,181.0922826486619,480.4992819677931,2.4697337582696677,0
2026-01-01 06:34:00,79.71776048288515,177.07742758950312,497.49686090628916,3.2890168707159235,0
2026-01-01 06:35:00,73.12329739158118,181.47744244691927,456.5106434090441,1.9456048230404006,0
2026-01-01 06:36:00,68.1474618836365,169.22298968376242,472.3442056062406,2.7022356967343497,0
2026-01-01 06:37:00,80.41548949666165,172.2270876919148,469.88127883755504,3.0956452433313157,0
2026-01-01 06:38:00,74.54184061898953,189.6033112635554,506.2180198819683,3.408579898169118,0
2026-01-01 06:39:00,79.95126524789384,174.74484576822883,502.0803301110875,2.3382410307264156,0
2026-01-01 06:40:00,68.62228936482254,171.62471213854448,478.3478733998824,2.69657178108808,0
2026-01-01 06:41:00,72.60249990818491,184.29322202021828,505.30462616418197,2.7279041428794586,0
2026-01-01 06:42:00,75.02097479887273,189.48563323730397,483.59959746238206,2.5781926926213163,0
2026-01-01 06:43:00,75.18792237505897,185.75162648532054,491.85034669021843,2.4604619195042776,0
2026-01-01 06:44:00,73.19973811408302,187.96838148644653,550.2035627089562,2.6743901558000185,0
2026-01-01 06:45:00,102.49139972939,213.9456392914443,390.2138315537104,4.487101565912126,1
2026-01-01 06:46:00,70.72951828246963,168.62551466606524,461.01256289217207,2.7728277960250525,0
2026-01-01 06:47:00,99.43048205991482,232.0106692156439,374.8919725363752,5.550471161464786,1
2026-01-01 06:48:00,75.48118252684759,177.41856128926293,524.3418966347477,2.411010041288694,0
2026-01-01 06:49:00,77.05775533623499,177.99333586835962,465.55210133742145,3.318744878287823,0
2026-01-01 06:50:00,77.84645951235557,190.62555313479245,524.5633293126458,2.2300263924837793,0
2026-01-01 06:51:00,70.50143163264852,184.4498400752053,546.1379575523766,2.338769604373988,0
2026-01-01 06:52:00,68.8635433170575,183.64710217665285,466.3236558126676,3.2966213208818935,0
2026-01-01 06:53:00,80.11070728759404,197.32001875920866,472.4749153695721,2.167175478060057,0
2026-01-01 06:54:00,76.32925604791836,174.85185415695886,530.5298440053051,2.2799538868253846,0
2026-01-01 06:55:00,72.00605385377378,187.4227210246499,508.1448593247694,2.44118983062766,0
2026-01-01 06:56:00,81.20460790209009,180.4561049991767,516.5442882571857,2.8362937928518197,0
2026-01-01 06:57:00,75.46269853717143,182.14873823090605,510.2176764920149,2.583121002941325,0
2026-01-01 06:58:00,79.71718873625531,192.22774741130024,511.72087762784435,1.9829498611390948,0
2026-01-01 06:59:00,75.27007392564043,184.06268605031698,460.2058361506675,2.287132574749124,0
2026-01-01 07:00:00,83.24299169952795,184.30636863239707,531.4195311986434,2.2570582267151154,0
2026-01-01 07:01:00,82.02136336977281,188.5800586984784,535.0876997728332,2.4691115819107816,0
2026-01-01 07:02:00,74.0041434060837,177.08037816365692,493.11827767795916,2.6703374634519315,0
2026-01-01 07:03:00,78.88628380381742,173.28632266128795,498.69569150558414,2.667282302355189,0
2026-01-01 07:04:00,77.58150379834059,171.64152644783172,454.06677492332835,1.7895952983806391,0
2026-01-01 07:05:00,80.4745262301294,164.269147284992,515.4276426805351,2.9255763950243425,0
2026-01-01 07:06:00,71.14030615767959,196.44965703952258,517.1617232514243,2.6010275383986494,0
2026-01-01 07:07:00,77.74420583999375,171.17433307422652,498.13426949002064,3.0538128190375624,0
2026-01-01 07:08:00,79.23369794739835,178.22997101131384,533.730600796115,2.677679330916269,0
2026-01-01 07:09:00,67.96504205430755,177.78549360088863,489.97768307060176,2.9405291830943048,0
2026-01-01 07:10:00,70.2669659493369,182.4592535824728,516.9381777768081,2.686618124580051,0
2026-01-01 07:11:00,91.84307128895959,226.52589770031437,319.41006983923654,6.038490302481099,1
2026-01-01 07:12:00,73.92237266222178,186.88378790687796,499.29343547377283,2.7089002544071112,0
2026-01-01 07:13:00,77.87016902318385,175.3353804914485,494.76937226291494,2.460833901422838,0
2026-01-01 07:14:00,81.00942820838411,178.6630262897087,506.75923766122827,3.408973888178753,0
2026-01-01 07:15:00,75.2963791216791,182.26063960390638,488.91419213499927,2.855614848911957,0
2026-01-01 07:16:00,81.51446218228517,178.01047099053162,496.05582212984996,2.729497768401765,0
2026-01-01 07:17:00,69.47959416714043,192.85876460815993,524.7814151432452,1.9894782333846655,0
2026-01-01 07:18:00,68.18647024257938,183.927799613106,486.8970728828535,1.984676953014585,0
2026-01-01 07:19:00,74.77780920441353,185.87902228839855,451.80268697783964,2.6170861928567413,0
2026-01-01 07:20:00,76.53626179575723,185.3030501493393,552.4875171261626,2.5582084791072965,0
2026-01-01 07:21:00,74.86922100762362,189.3877908598826,541.4436223607146,2.2543509739966736,0
2026-01-01 07:22:00,66.7302315998405,181.44817246962967,461.23211914683145,2.556393079844824,0
2026-01-01 07:23:00,74.64351984194884,169.62534441635322,520.6912341573558,3.1354507712174384,0
2026-01-01 07:24:00,69.78212199798058,183.19750361402114,484.9107568834597,2.7781609898201194,0
2026-01-01 07:25:00,77.67869019532016,174.78914484966538,507.9046164599318,2.0435965960989044,0
2026-01-01 07:26:00,76.4663929843874,175.77106654600195,508.8267238704048,2.4553964691428227,0
2026-01-01 07:27:00,71.24048085469057,184.69091215004076,492.9677659905103,2.178013407658976,0
2026-01-01 07:28:00,72.94453233065323,189.90626457146908,476.4870300324081,2.3449200334365754,0
2026-01-01 07:29:00,70.76314591244419,180.1701726138885,479.2837684305122,2.334553733748143,0
2026-01-01 07:30:00,74.74928361090731,182.4706641007917,472.51424253556274,2.308941766958398,0
2026-01-01 07:31:00,78.82056928200495,193.6177195570819,475.04533375308665,1.997945851210642,0
2026-01-01 07:32:00,71.05709581465783,181.92602543590854,497.98465129851934,2.448938127392724,0
2026-01-01 07:33:00,77.01618606207138,200.81346491344317,478.5272003266774,2.275756945261076,0
2026-01-01 07:34:00,72.87896952651023,184.52407716505235,520.4615619713786,1.3282205239990927,0
2026-01-01 07:35:00,71.82850867095063,165.91389792675346,544.6173846600778,3.321188809800665,0
2026-01-01 07:36:00,74.57187856018177,186.02673296883626,482.5984027588987,2.935507861686669,0
2026-01-01 07:37:00,70.8590307103225,183.04926707906222,507.1821350160613,2.3494797100300016,0
2026-01-01 07:38:00,72.78540277861127,190.31802203266196,514.990553309088,2.5075276198962393,0
2026-01-01 07:39:00,70.2084884296446,185.38545081015965,514.1600681275783,2.031338261072975,0
2026-01-01 07:40:00,82.85890053166555,178.8923521281298,502.2786580374826,3.1782891511243463,0
2026-01-01 07:41:00,100.14105420788691,210.2056141096851,372.2804725507917,6.258915477909245,1
2026-01-01 07:42:00,72.20109796802966,178.3278139417118,514.4674685804197,2.5626774912986097,0
2026-01-01 07:43:00,75.85591964293688,173.1958363663256,462.87012733018105,2.9094122576741377,0
2026-01-01 07:44:00,74.55068780123668,175.35581240156222,526.0746819316782,2.5701147115735696,0
2026-01-01 07:45:00,74.1161216018671,184.70862723536487,526.6187251180023,1.9653098244496277,0
2026-01-01 07:46:00,77.4566668001737,193.35923603481126,477.10141687464255,2.335270652414537,0
2026-01-01 07:47:00,78.03003084018923,183.15737223858386,501.1381350634281,2.552771186708783,0
2026-01-01 07:48:00,72.87799540955788,170.4329355037185,520.4998697843321,2.3181809125026223,0
2026-01-01 07:49:00,72.69672703742128,183.55682134576114,493.72058541261913,2.4125386890259857,0
2026-01-01 07:50:00,73.89979321139343,189.5730518931652,532.1893414329803,2.4634401769963543,0
2026-01-01 07:51:00,65.79231534105766,175.12173676544495,570.9161748385808,2.4676486008538157,0
2026-01-01 07:52:00,68.93923575120579,178.92786266661665,476.42041902095053,2.5209033961989933,0
2026-01-01 07:53:00,80.4674970697781,180.11750555783357,458.56866190538676,2.07575797344136,0
2026-01-01 07:54:00,81.57987085400514,173.72081349534207,509.1145578681463,2.2131935403488256,0
2026-01-01 07:55:00,74.00385584177448,185.18624347075087,521.6468751537843,1.9861662937200122,0
2026-01-01 07:56:00,77.30622785222306,179.03241481113776,493.07400878465694,2.8911262198744803,0
2026-01-01 07:57:00,76.24500061817415,183.35625955125622,543.5978198996311,1.6577412232638702,0
2026-01-01 07:58:00,87.31552323382095,172.90006257758318,459.8418260083025,2.9614361373267704,0
2026-01-01 07:59:00,79.4782996457383,176.50033359741272,520.7875586909483,3.0545397589051375,0
2026-01-01 08:00:00,74.48832963407693,185.77905086262217,481.8241753772332,2.3791277652069516,0
2026-01-01 08:01:00,71.1778382375983,177.01733478326585,551.5813371862189,1.4587451648690806,0
2026-01-01 08:02:00,68.57421471896971,193.81571080986726,559.7754605950436,2.3554757752130837,0
2026-01-01 08:03:00,75.81385454346889,176.80291051508317,477.00030236649957,2.4743263354844722,0
2026-01-01 08:04:00,71.97459701886278,181.79747780601508,483.5132859227426,2.0957607120284347,0
2026-01-01 08:05:00,69.31098516160931,187.4607266549847,525.7876366093941,2.2939126424767027,0
2026-01-01 08:06:00,72.41370846302989,168.65307413653574,488.38608050631456,3.1120780795453404,0
2026-01-01 08:07:00,70.67380798554242,165.9135295041538,498.63766346203283,2.765970864920696,0
2026-01-01 08:08:00,81.74856654029026,167.79474948343923,500.76165261627233,2.13017435424876,0
2026-01-01 08:09:00,78.5265590277978,190.10067282741747,442.4098053140703,1.860960332161827,0
2026-01-01 08:10:00,74.96810943473353,175.58513483286043,499.5848676171729,2.3691930729560915,0
2026-01-01 08:11:00,80.9197765555601,200.46559428534601,479.3081667780748,2.4146172882598247,0
2026-01-01 08:12:00,75.30947323059047,175.4860192107409,485.20631532800684,2.6984796749453266,0
2026-01-01 08:13:00,71.55486319468694,181.4764104255763,543.3089601040645,2.285873314972936,0
2026-01-01 08:14:00,81.09249630907863,192.33687962054302,462.3047931716223,2.7045998301447445,0
2026-01-01 08:15:00,77.15564017473864,196.048743105273,524.3961556024393,3.274061616024092,0
2026-01-01 08:16:00,70.85101538269417,196.49202861309118,491.63111209004575,2.826200408977705,0
2026-01-01 08:17:00,74.23864528766556,189.66692984474514,491.60719494512495,2.480764597067691,0
2026-01-01 08:18:00,71.49752698646097,188.1925002064917,523.7111568815513,2.426739811578682,0
2026-01-01 08:19:00,69.46880107614265,184.74021559360946,510.2015388370667,2.3573307463280515,0
2026-01-01 08:20:00,78.70471019012656,186.22688860933312,517.1183899165859,2.9722563649808578,0
2026-01-01 08:21:00,82.63766656188052,175.59051426937174,529.0455398159859,2.249074621619479,0
2026-01-01 08:22:00,69.40572970472344,173.45440893262153,490.06074850450034,2.518089083599993,0
2026-01-01 08:23:00,77.25187694676228,179.97300434071238,481.6328979647675,2.520479160752434,0
2026-01-01 08:24:00,72.39742972351269,178.63852301980057,467.44548420326606,2.2992863228753873,0
2026-01-01 08:25:00,73.05149846494122,176.3741756053818,475.2376841006313,1.9510137808463597,0
2026-01-01 08:26:00,72.63042430304452,185.57109957965372,588.4728327592618,2.629189801447067,0
2026-01-01 08:27:00,71.54403692128074,187.6424416685641,537.3403874221036,2.4755984112578466,0
2026-01-01 08:28:00,75.1940865117793,180.70725509033477,459.4677690137594,2.700096187774628,0
2026-01-01 08:29:00,71.67619953435585,191.8202406484421,460.3262612976929,2.286559877424333,0
2026-01-01 08:30:00,76.08182730311935,170.86648708693195,514.4559818515547,2.9883285195252194,0
2026-01-01 08:31:00,99.79904756220346,218.45072432576225,366.417943921339,5.1492904875152625,1
2026-01-01 08:32:00,74.04420781253437,174.26542143517756,516.4665150595209,3.184816113607157,0
2026-01-01 08:33:00,71.36974535183361,165.06770706341553,492.35132619338907,1.8009453960686952,0
2026-01-01 08:34:00,72.69291467772666,179.3385545132584,496.236372199913,2.6739080258227563,0
2026-01-01 08:35:00,78.02156490330303,179.02601993293374,509.8363857247807,2.690172273010649,0
2026-01-01 08:36:00,77.00366875049752,192.10759794593704,502.5767901887999,2.1817771728236472,0
2026-01-01 08:37:00,71.08977902080579,185.04649347643823,433.42098881757397,2.669757575144405,0
2026-01-01 08:38:00,100.3973292217169,211.80650540536635,343.1060110827442,6.011807467904063,1
2026-01-01 08:39:00,78.00554849348715,194.8327405306735,474.4578069721906,1.6132724642583742,0
2026-01-01 08:40:00,68.32237887551452,189.76826956420282,505.2563425672554,2.701097922996326,0
2026-01-01 08:41:00,77.17344076951974,184.65678162774893,589.5577700781023,1.5026916718679688,0
2026-01-01 08:42:00,97.3495049642166,218.18812720920135,361.0244499642291,5.113734078590717,1
2026-01-01 08:43:00,77.28239467437264,172.32448610621216,490.59410941482804,3.151666545960378,0
2026-01-01 08:44:00,71.94696337382993,177.02234579143158,527.6540450593176,2.2672871866431783,0
2026-01-01 08:45:00,67.78047159734193,188.7099889576335,514.4806366162763,2.030448014236411,0
2026-01-01 08:46:00,68.48983024846734,195.07669044747686,512.6028347135552,2.4208249084061273,0
2026-01-01 08:47:00,75.19233978664553,192.3459482261775,518.2055177964701,3.327162535265421,0
2026-01-01 08:48:00,76.03889000688592,176.0892046257098,561.6963069448863,1.7673271011175895,0
2026-01-01 08:49:00,71.38273349958237,171.0430605336879,466.0733469402225,2.0794760353442623,0
2026-01-01 08:50:00,77.5543698351095,181.12708997528964,514.2089623043437,3.0989726732718506,0
2026-01-01 08:51:00,68.35391975092416,165.85248507549719,472.20856610055387,3.243080937415093,0
2026-01-01 08:52:00,74.73568080541074,182.58534171347824,516.6653793902675,2.4586275102838866,0
2026-01-01 08:53:00,70.15593520095017,178.81917930961066,472.43940465541715,2.004378918989343,0
2026-01-01 08:54:00,72.39265556879137,176.27170798505406,487.4789955918475,3.3383374007236637,0
2026-01-01 08:55:00,75.18959468526566,167.24237546186563,491.1473025728628,3.1377769566996787,0
2026-01-01 08:56:00,71.55834653886419,184.10880085255772,529.2745015803413,2.7715787951048934,0
2026-01-01 08:57:00,73.4617778230807,175.73839328270472,527.5536333182724,2.175039060425032,0
2026-01-01 08:58:00,79.02517123685776,170.6406653143177,462.62847870660846,2.480388263664785,0
2026-01-01 08:59:00,72.6924325219074,157.0219022937468,501.64802332999545,2.435855967582068,0
2026-01-01 09:00:00,78.34276844826057,179.7798807595949,478.7126043575248,2.6323405218462312,0
2026-01-01 09:01:00,70.48117258136952,194.17801277335795,462.24485267973995,3.0804005752525345,0
2026-01-01 09:02:00,77.11921671166112,193.29007371638295,493.4894884872689,2.8517668164549614,0
2026-01-01 09:03:00,80.7662744826316,176.34322994730982,490.7455163463254,2.0690495692060966,0
2026-01-01 09:04:00,65.11342199949084,175.18230351710577,572.8014945903657,3.050598580007815,0
2026-01-01 09:05:00,71.81241897811809,183.75019404860018,512.9887947608208,2.625252856005262,0
2026-01-01 09:06:00,77.30828850872216,172.01291648649368,458.6714749773729,2.7748263183435666,0
2026-01-01 09:07:00,74.18781845582802,182.41433519855573,483.0567798748717,3.0866163437114413,0
2026-01-01 09:08:00,76.48458349348523,186.12864222707753,530.6414988628819,2.0553679001945797,0
2026-01-01 09:09:00,72.58405925313672,189.81546579107447,562.6532831860977,2.4856697685174147,0
2026-01-01 09:10:00,75.3463591498916,179.19876738816038,452.42050063286126,2.287418179456314,0
2026-01-01 09:11:00,74.37729105843168,178.37060999858429,443.60226844582866,1.8728562298538176,0
2026-01-01 09:12:00,79.67112824663923,172.9761393059475,556.1289552611535,2.638683991041968,0
2026-01-01 09:13:00,76.01768337320485,173.3849571676811,511.6884253211271,3.5046226206337696,0
2026-01-01 09:14:00,76.35041064830081,178.1881688647878,473.951218043709,1.763968902197699,0
2026-01-01 09:15:00,73.35249213551013,182.93892405452942,516.0388725836731,2.487087755580212,0
2026-01-01 09:16:00,73.04957510371003,187.308677009866,420.9275678294937,2.7562171740299095,0
2026-01-01 09:17:00,73.26976724872152,173.57456839455725,500.1012651979148,2.5492312806624726,0
2026-01-01 09:18:00,76.57780856951318,191.94150855167618,509.83463518529254,2.4547487789937037,0
2026-01-01 09:19:00,73.31606207671895,177.83101119165946,527.7281041861349,1.9803134546216703,0
2026-01-01 09:20:00,76.15909942758566,179.8290616452125,469.58312143122384,2.5931146971760652,0
2026-01-01 09:21:00,83.30160319458176,174.0223065668174,502.5706148421008,2.1972944091936295,0
2026-01-01 09:22:00,78.48449881372677,160.60607791781646,472.2372612182124,1.6240313180085786,0
2026-01-01 09:23:00,73.69590587132863,187.0723631708884,507.6615126702295,2.977836888205492,0
2026-01-01 09:24:00,79.80485568865578,185.89475117673948,473.13961032910925,2.883354327936817,0
2026-01-01 09:25:00,73.3676985079138,177.7493795430543,487.75697482519337,2.520664390740432,0
2026-01-01 09:26:00,66.84750185928858,180.53592573779898,470.12553815629315,2.591629875282281,0
2026-01-01 09:27:00,70.96765475633039,184.12751374163278,519.5340872547097,2.9297272050862246,0
2026-01-01 09:28:00,67.51683231589658,167.49963314490765,525.7535334997,2.5897358627112332,0
2026-01-01 09:29:00,73.59394606383476,175.76757858122963,492.9613829012776,2.8616070219045255,0
2026-01-01 09:30:00,75.0736735167582,186.3541174369746,501.14713984880086,2.38100711965046,0
2026-01-01 09:31:00,81.70574924910113,169.965684614646,456.5422575609937,3.0247934954295785,0
2026-01-01 09:32:00,76.30770949505666,182.34846345733303,491.0097005597964,2.6283142903730736,0
2026-01-01 09:33:00,74.12359788476455,169.14734556301275,498.49386148874765,2.5776207774423496,0
2026-01-01 09:34:00,78.31762232473396,183.73143985946822,578.6237927308993,1.991975564515187,0
2026-01-01 09:35:00,66.15545876396845,179.71486814162014,466.6409892267751,2.6147823417206837,0
2026-01-01 09:36:00,75.94245823243426,167.07894547275592,543.9253171625732,2.1672180330022197,0
2026-01-01 09:37:00,78.08346077554786,189.31791483565738,529.9057632039743,2.2446869093886024,0
2026-01-01 09:38:00,69.08565501688064,174.1232673856156,508.4190921347041,2.1738497486735513,0
2026-01-01 09:39:00,79.57501617282772,173.51798050388496,552.758614525854,2.07350602724031,0
2026-01-01 09:40:00,76.35398562997766,181.60455357784755,511.1631641782059,3.3499085612067847,0
2026-01-01 09:41:00,73.3388483443968,189.18909879542971,511.6747758700379,3.0325356247953614,0
2026-01-01 09:42:00,77.53112746442514,171.87342544817284,498.4063804094736,3.2681470008577045,0
2026-01-01 09:43:00,84.08277143121758,180.49343879878379,536.7070664725588,2.0108419921777743,0
2026-01-01 09:44:00,75.72746502023398,183.43053200264458,532.8940770143265,2.528501499964357,0
2026-01-01 09:45:00,75.99288234520134,185.54484485810517,481.2296813751136,1.9825969499183618,0
2026-01-01 09:46:00,73.16255640183903,181.4115324422178,460.42258416203697,2.2217220491211744,0
2026-01-01 09:47:00,71.60062252214084,177.0637772873334,493.9105808781303,2.13274920663337,0
2026-01-01 09:48:00,78.32134326617698,173.37927823481024,475.9988430680706,2.995833602576625,0
2026-01-01 09:49:00,71.57566469636453,180.689151064371,498.09426276153937,2.341508128759296,0
2026-01-01 09:50:00,75.28626494887757,171.42288790411516,537.1231440405242,2.9273517334776065,0
2026-01-01 09:51:00,73.08937021293953,156.62919613204315,486.2809503473963,2.741648355835407,0
2026-01-01 09:52:00,101.91591930298557,223.49247843326134,348.71529856065274,6.421455500841915,1
2026-01-01 09:53:00,76.33464842114779,187.23147872868955,501.74068204425186,1.9082223107441103,0
2026-01-01 09:54:00,79.1501597770316,161.09654051566528,525.4529264661585,3.0036932959147196,0
2026-01-01 09:55:00,72.959934404581,171.9221543623205,432.59331998046184,2.958576348160291,0
2026-01-01 09:56:00,73.92050025882652,184.95323408804157,481.7989911570411,2.110648464789186,0
2026-01-01 09:57:00,71.08494513687077,196.4599637576936,506.3385107683842,2.9028533345892638,0
2026-01-01 09:58:00,73.22282695969555,180.16634966140327,536.0023686928058,2.6344579852104917,0
2026-01-01 09:59:00,76.50920197217941,174.17597647016692,485.24292657481385,2.409009496018637,0
2026-01-01 10:00:00,78.0279544665814,178.53682847116127,443.7034188187438,2.1704258052112,0
2026-01-01 10:01:00,71.3113387032895,190.99901135318547,518.5913433789841,2.2123562194203257,0
2026-01-01 10:02:00,78.47842368042264,174.8322865670037,480.93912833523115,3.3199248383143702,0
2026-01-01 10:03:00,80.4225514352198,173.60646394679796,464.31000022728915,2.500273127582993,0
2026-01-01 10:04:00,76.65373961289481,176.13805182254373,481.26963830860325,2.8128520006125837,0
2026-01-01 10:05:00,82.50718325023226,172.3733711339303,494.4642392703245,2.1836402473329786,0
2026-01-01 10:06:00,71.90484320358571,180.98136252795837,481.85766006385364,2.1880588215113446,0
2026-01-01 10:07:00,70.02138118675433,192.99742766775648,433.8330182870279,2.932793923699977,0
2026-01-01 10:08:00,67.88511900438289,182.58463418492823,526.911985906614,1.9601695153793872,0
2026-01-01 10:09:00,80.98417724595673,177.9811719829897,538.2462512383617,2.3339144928378914,0
2026-01-01 10:10:00,77.61746262541624,177.66550984867564,519.5456597401852,2.5136109644288926,0
2026-01-01 10:11:00,74.77766131635818,167.49447353042675,465.8694298872555,2.544549040736021,0
2026-01-01 10:12:00,76.11987450527928,187.06487821717727,493.95525398157446,2.4283626859935374,0
2026-01-01 10:13:00,70.4980438108065,179.3773024238976,499.8043605431163,2.658327912438369,0
2026-01-01 10:14:00,84.7830079184673,178.55616069127498,517.9638316868574,2.7771423023271247,0
2026-01-01 10:15:00,75.51688472790092,205.5448605427589,520.0502146615424,2.793855018183732,0
2026-01-01 10:16:00,75.43757917841957,182.39002326692548,477.9747860366451,2.1056784765328693,0
2026-01-01 10:17:00,77.90306649559477,173.98567159923851,502.4598666924068,2.386337960828481,0
2026-01-01 10:18:00,76.92403692694685,176.58913923035564,513.7184121384572,2.977905144750775,0
2026-01-01 10:19:00,75.89553609711652,189.18756567357403,543.674669664403,2.857858875029549,0
2026-01-01 10:20:00,71.83810217821875,180.90616328430212,521.1351961947416,1.9508562194075743,0
2026-01-01 10:21:00,76.88587342854399,168.49377617346107,523.6717006212656,2.6405919601408807,0
2026-01-01 10:22:00,82.52809798590013,187.35383147660164,502.51479883788085,1.7087099002500759,0
2026-01-01 10:23:00,80.38168018461991,174.65484731568804,542.3137743561051,2.5187739608241477,0
2026-01-01 10:24:00,81.37274650655759,194.98638220974036,512.2928838787849,3.259106806698391,0
2026-01-01 10:25:00,72.95513729427526,188.6403845257172,474.16736269479287,2.1208429130924054,0
2026-01-01 10:26:00,71.04158071896568,176.42142483473,542.1010991037557,2.1662707818033673,0
2026-01-01 10:27:00,74.4968523196014,190.2481308938809,520.9370981761708,2.8056119126291437,0
2026-01-01 10:28:00,75.22289964915478,180.54284408421924,486.70867936614553,1.8828793939161415,0
2026-01-01 10:29:00,79.3767660738838,186.82218940097775,485.6152109780227,2.2468979880459843,0
2026-01-01 10:30:00,68.23014148114072,183.8778625383558,508.89726635422284,2.738576455032701,0
2026-01-01 10:31:00,81.11820127784246,173.229146760073,513.8955438580275,2.2462856609242388,0
2026-01-01 10:32:00,74.36796840568404,174.8516013414603,505.9187679689362,2.4056120051156116,0
2026-01-01 10:33:00,73.29247572021032,188.2396865406493,509.3392602032865,2.797674284126014,0
2026-01-01 10:34:00,70.95158249895933,177.32179734314767,550.9987212372914,2.6686184334146246,0
2026-01-01 10:35:00,68.38057331253692,176.77081229406403,532.1462945670465,2.6067273585181607,0
2026-01-01 10:36:00,78.29268233584766,172.35901936520517,505.71906773795075,2.3643510882919845,0
2026-01-01 10:37:00,75.29327186875362,183.38879252474769,528.2393174230245,2.6480244461075824,0
2026-01-01 10:38:00,69.84015640103578,196.50019935394516,469.02428289417384,2.4505069279600975,0
2026-01-01 10:39:00,69.81968491174554,171.45973668596582,511.93781149840424,2.6831222439703137,0
2026-01-01 10:40:00,73.6568612028395,180.19375565338206,554.2791904919933,2.3012271899528085,0
2026-01-01 10:41:00,81.67608610115757,191.29776444332344,493.4586231382288,2.4269724102481836,0
2026-01-01 10:42:00,73.96163459454559,179.36286887003428,474.57098214142746,2.1040168829791943,0
2026-01-01 10:43:00,68.98742818752757,183.61897436999786,480.4373333422082,2.4859969559975057,0
2026-01-01 10:44:00,74.01702774365623,171.50085177482495,467.3110088797283,2.175599654548462,0
2026-01-01 10:45:00,73.90910572100931,183.4264567776612,476.4571427561689,2.0543814199352024,0
2026-01-01 10:46:00,64.21245342823372,178.50284587996362,488.88475704229916,2.603464459142155,0
2026-01-01 10:47:00,74.78282053392876,187.8858399654389,457.83298942464074,2.585095910343064,0
2026-01-01 10:48:00,74.07626187916529,189.499088412518,500.4685500184881,2.813149493979429,0
2026-01-01 10:49:00,77.78482545925367,200.71650913614891,527.0683152135994,2.3275497721699603,0
2026-01-01 10:50:00,82.39582437978137,184.6370653857086,472.7673145955924,2.6632211387347025,0
2026-01-01 10:51:00,79.50626011819102,182.60637053265734,545.5785177092531,2.7203190289094654,0
2026-01-01 10:52:00,73.92444523778067,181.5550744126187,515.3237626558279,2.6779095231326377,0
2026-01-01 10:53:00,70.57389636503332,177.1746696575145,530.9174175687217,2.169738526879143,0
2026-01-01 10:54:00,85.29343921299944,182.70787074769353,480.2649633844359,2.5597453929084755,0
2026-01-01 10:55:00,75.23687373605796,177.63678871888777,525.6357568119985,2.6456561184218645,0
2026-01-01 10:56:00,75.05571716765178,181.3476878101569,467.2419829881406,2.502871386763177,0
2026-01-01 10:57:00,74.90349965155998,190.54078028486367,526.7074250250953,1.665408936651566,0
2026-01-01 10:58:00,75.79233904307142,171.94765947776287,505.15518019380596,2.564195849589392,0
2026-01-01 10:59:00,74.42255835230424,189.11902848903236,516.5975365995436,3.3850124157588968,0
2026-01-01 11:00:00,72.70535197247905,190.53692053871893,464.7321618312545,2.3559842924972068,0
2026-01-01 11:01:00,72.81256423503844,179.05545178407138,473.1479047317019,2.2087691608578717,0
2026-01-01 11:02:00,74.868986919136,163.02516080793123,517.9168465476015,2.6493394238845593,0
2026-01-01 11:03:00,72.82630091546494,175.13742410324454,471.549559873274,2.6249512841866287,0
2026-01-01 11:04:00,72.14861686929135,190.37595637248887,513.8961887629737,2.9770940661665657,0
2026-01-01 11:05:00,75.42572091076758,179.81705550160893,458.98586580619263,1.9968527376364449,0
2026-01-01 11:06:00,73.98009113031658,172.0055821416407,525.44522638,2.792552101029997,0
2026-01-01 11:07:00,81.01597195433075,175.96180063017425,463.02430055694475,2.7361688245005853,0
2026-01-01 11:08:00,64.39612076642796,186.72496021203642,516.5689981303857,2.4431413852237815,0
2026-01-01 11:09:00,79.36602740768984,184.37386854561103,518.76892800938,2.635474927168676,0
2026-01-01 11:10:00,79.98434076999051,178.08854320664244,479.09684544711274,2.911782992639343,0
2026-01-01 11:11:00,66.7064390703674,177.0654047054825,517.4607970125418,2.84892615201138,0
2026-01-01 11:12:00,73.6292496236786,176.86593480764944,507.8132679000067,2.0427922751705085,0
2026-01-01 11:13:00,73.51423653601684,172.62071852401198,483.83474431421786,2.8280632747021937,0
2026-01-01 11:14:00,69.36995322112871,192.92300551575553,469.74335947771374,2.474124557986993,0
2026-01-01 11:15:00,71.8887332496365,177.42143624630927,441.12122924982265,2.529149639206206,0
2026-01-01 11:16:00,70.55769661813669,189.73726816660397,510.4895014189908,2.529278796400678,0
2026-01-01 11:17:00,82.00908177369449,192.1705284153796,453.05591685913834,2.439902804480696,0
2026-01-01 11:18:00,78.74271357258985,187.98648718518368,502.86032598323925,2.976682998842826,0
2026-01-01 11:19:00,80.08622037997664,176.5470374982556,492.0965535175325,2.466512816060315,0
2026-01-01 11:20:00,77.88668825617295,183.22984072269287,520.3742832631459,2.0521815486467325,0
2026-01-01 11:21:00,70.48379291513109,179.80643514887268,490.9386350153041,2.3425880576121085,0
2026-01-01 11:22:00,72.90191893488091,172.77038511415898,490.1165664095873,2.5714778867241903,0
2026-01-01 11:23:00,76.95749824491168,182.59487425377282,521.9561211286489,2.99168591371882,0
2026-01-01 11:24:00,70.11148876443222,170.56768167072158,510.0517408725235,2.7412378739795336,0
2026-01-01 11:25:00,77.85199372068955,189.50143510769252,509.48467871548337,2.1597858885011822,0
2026-01-01 11:26:00,74.03869840736746,176.28306162161286,514.0780276942558,3.4940759666715566,0
2026-01-01 11:27:00,73.50071676980161,181.6092772469827,453.9328363037868,2.6059101243911917,0
2026-01-01 11:28:00,77.84383987281396,182.26630297236915,522.7036603996095,3.010156295199606,0
2026-01-01 11:29:00,76.77705324594416,177.9287602103674,518.3740638204081,2.4393142265691083,0
2026-01-01 11:30:00,73.55613533672368,184.6935504118022,469.49950614270506,2.7133436978821797,0
2026-01-01 11:31:00,79.63731921345699,176.20077074701982,492.67758578977396,2.835787401807362,0
2026-01-01 11:32:00,70.67574668960042,186.97037837965794,498.82078137117105,2.9872778847017023,0
2026-01-01 11:33:00,77.46374242777705,169.232162558026,495.965096467948,2.9229473221512903,0
2026-01-01 11:34:00,77.37240503187354,181.0110366363713,510.01579899705604,2.8488788000291914,0
2026-01-01 11:35:00,73.76181424274404,195.51143199246627,542.9410034549355,2.3739653075223566,0
2026-01-01 11:36:00,76.30453208896847,171.9973494031554,532.4530018301848,2.2713015832175754,0
2026-01-01 11:37:00,69.99554569445878,174.57804023580118,460.6334241970578,2.633043004129679,0
2026-01-01 11:38:00,78.6961080768276,184.1112627972713,518.6620997091815,2.873251228936428,0
2026-01-01 11:39:00,74.26039145422804,181.43665425551677,539.8679995860623,2.410911719689357,0
2026-01-01 11:40:00,72.90910791792385,182.80504079418847,511.6042556206761,2.9260687862857546,0
2026-01-01 11:41:00,79.19603690334756,183.9134970411813,532.729412755579,3.0810466981944717,0
2026-01-01 11:42:00,72.18262523782896,185.07777174849417,560.3681133710229,2.133471632370632,0
2026-01-01 11:43:00,69.36615481454577,188.8775987356498,530.7112863832094,2.165231718481488,0
2026-01-01 11:44:00,68.77348330590439,183.2785492554281,507.47925786925185,2.4438499764378654,0
2026-01-01 11:45:00,77.42403980538256,178.06993876305165,531.3526542225426,2.6230450672756787,0
2026-01-01 11:46:00,69.87828259001486,185.38058960962184,504.34663499290673,2.2901731944931796,0
2026-01-01 11:47:00,82.01917672793746,195.19905547916173,500.71709129854867,3.040881071546858,0
2026-01-01 11:48:00,66.67228236846512,178.9389300289394,489.45757292858804,2.6696267446073803,0
2026-01-01 11:49:00,81.78582547316016,172.20376556263486,546.9024007649632,2.5157788192962958,0
2026-01-01 11:50:00,75.84406986881048,188.85664535429578,475.44714002174,1.925636190452589,0
2026-01-01 11:51:00,74.61314755251843,179.0369506883712,545.9710317403435,1.9736736734289972,0
2026-01-01 11:52:00,72.8203236527642,162.61864363188772,514.9959237122112,2.6124037001127225,0
2026-01-01 11:53:00,76.59654445740829,186.77937341720337,458.02081475594173,1.6469617495380655,0
2026-01-01 11:54:00,74.8494611903006,175.71737451236862,511.02947878974265,2.9050549638576286,0
2026-01-01 11:55:00,79.41320752806608,179.2757337415667,436.9992047704513,2.4367384622510717,0
2026-01-01 11:56:00,75.45691059464816,182.6558426445521,518.7652405049311,3.7972371878378937,0
2026-01-01 11:57:00,75.60120704584752,181.52399743823253,526.5569444896697,3.4231665002464444,0
2026-01-01 11:58:00,73.54555115114458,185.67561453711232,482.2293213304384,2.4274203723009933,0
2026-01-01 11:59:00,74.77221750511573,176.51610903544125,503.70643087866745,2.457465198987474,0
2026-01-01 12:00:00,76.23120707556824,184.10484638540865,558.6247230125086,2.898232605600812,0
2026-01-01 12:01:00,68.1593264293735,177.92362657932867,484.8275988721419,3.181269043967215,0
2026-01-01 12:02:00,69.60725831157714,185.9104838471,468.232772388302,1.8447883770255933,0
2026-01-01 12:03:00,77.97305637609087,184.92293987210442,544.449902073878,1.7854498138581252,0
2026-01-01 12:04:00,75.68346175251176,172.51649038364323,558.8776157159239,2.2511860777782475,0
2026-01-01 12:05:00,74.26406665458929,188.68785692940025,500.1108701554354,2.733095033269546,0
2026-01-01 12:06:00,75.07373573226157,175.7122924390876,530.3438910622507,2.698749436203039,0
2026-01-01 12:07:00,76.39032682144668,186.46446238624915,540.2442774659264,2.92790858199354,0
2026-01-01 12:08:00,72.84096127876255,182.93829850721073,477.7254730238485,2.0201209886538765,0
2026-01-01 12:09:00,71.88678109839076,194.70546941436098,485.44082493896394,1.5735424548124493,0
2026-01-01 12:10:00,75.78338102039072,178.21227214102518,536.926235394642,2.8432056781208583,0
2026-01-01 12:11:00,71.08650888953987,177.2054656310544,550.5504283612553,2.168721490813906,0
2026-01-01 12:12:00,76.63301102285789,179.84464315289813,516.8864258052306,1.6926048542445447,0
2026-01-01 12:13:00,68.18966558304864,177.5745617373258,473.60556939493836,2.5580254983837527,0
2026-01-01 12:14:00,79.11662254930258,186.3995352155364,559.6118333509833,2.8172702752874708,0
2026-01-01 12:15:00,101.89038992965217,207.0695151325073,334.0708730656411,5.451177147151489,1
2026-01-01 12:16:00,76.02411893725551,171.57054064682916,489.94586656485643,2.3168606455270044,0
2026-01-01 12:17:00,78.93076393578205,171.45757662736645,510.2701350346886,2.4362551071416374,0
2026-01-01 12:18:00,81.6618977778503,187.6024607357886,546.6248126214432,2.351766895039687,0
2026-01-01 12:19:00,79.05748026007252,193.6849069806554,525.6192792965667,1.9607811552239331,0
2026-01-01 12:20:00,67.63650307467341,179.16440625170023,512.4459650108573,2.2141277292038275,0
2026-01-01 12:21:00,69.8816921330572,178.64942621447992,513.8986559035432,2.7085119620055256,0
2026-01-01 12:22:00,72.50072568921729,180.56041730490546,501.305440059304,2.6286714165506,0
2026-01-01 12:23:00,100.10436420084334,229.29502642086553,366.7441854355552,5.567223922386728,1
2026-01-01 12:24:00,77.07063608187649,172.5811749264754,424.1131976691709,2.101940607258648,0
2026-01-01 12:25:00,72.09702474738614,181.90695186187827,491.10177622790604,2.4273987351457333,0
2026-01-01 12:26:00,75.74706705790831,187.80158103825943,507.23965804750344,1.629173981422858,0
2026-01-01 12:27:00,71.97846827058672,184.00875335951875,465.4695774914148,2.571390665554156,0
2026-01-01 12:28:00,72.55392878803221,181.51665293278995,511.5896995343468,3.071543083125427,0
2026-01-01 12:29:00,69.37335561260711,188.00836874053712,493.8658633704164,1.9103471471831577,0
2026-01-01 12:30:00,71.30706701555638,158.3741416560061,552.6642709494647,2.265628930672898,0
2026-01-01 12:31:00,69.59326157753466,185.42300255624727,547.1905917564457,2.631642711484052,0
2026-01-01 12:32:00,71.09650698809067,174.7673945349806,486.0258329264551,3.0011370537709934,0
2026-01-01 12:33:00,79.21456718643135,165.35493682514834,495.47486865299913,2.3207101534799404,0
2026-01-01 12:34:00,71.20240444467223,184.08962079619985,497.7815730317482,2.2230998682936414,0
2026-01-01 12:35:00,85.52952825934956,190.98926836130366,486.4502157152113,1.7124307430335666,0
2026-01-01 12:36:00,76.97327160352356,178.90041188297846,505.8507495208438,2.5413752517232426,0
2026-01-01 12:37:00,75.7393444947795,187.6229963776235,477.2515379333723,3.3168304160574977,0
2026-01-01 12:38:00,71.56656887927515,192.89822606390916,466.0815399518742,2.6109433847858705,0
2026-01-01 12:39:00,77.80123951763596,190.5193156286724,518.6813367170081,2.491088408326515,0
2026-01-01 12:40:00,72.6974486950489,193.11971623497115,518.8858875266543,2.6288329243067943,0
2026-01-01 12:41:00,75.48803925858145,185.93701992857513,475.87052721020024,2.4955631984205593,0
2026-01-01 12:42:00,85.24033815307519,180.60346911121275,526.860662922878,2.174794251095948,0
2026-01-01 12:43:00,74.6157604011014,167.18427350482264,481.05266812504004,2.8293119662710824,0
2026-01-01 12:44:00,79.5970933051427,178.03150009496042,507.59495714113945,2.590304609244702,0
2026-01-01 12:45:00,72.18729429949644,173.25402723747047,524.6103203783737,2.5070453007734628,0
2026-01-01 12:46:00,99.86004603801216,237.3675417399825,348.9916230588886,5.1098535890887,1
2026-01-01 12:47:00,82.08320254254204,178.5929135005413,513.642227364234,3.021403172773904,0
2026-01-01 12:48:00,97.49213176884894,220.9856384542759,334.50711068337284,5.765881098133244,1
2026-01-01 12:49:00,82.24979423198772,184.41188300832374,494.1060024971571,2.278831665053079,0
2026-01-01 12:50:00,77.8310077418219,180.34881957097963,493.8242170735898,2.900729941472775,0
2026-01-01 12:51:00,72.75013289642293,193.560408323446,477.6026496037928,2.300971664645917,0
2026-01-01 12:52:00,77.52963095622208,175.01880510612438,494.69677510652656,2.1871986029955854,0
2026-01-01 12:53:00,78.89021779850692,181.55685964189794,453.5414510340876,2.196118753007885,0
2026-01-01 12:54:00,77.48723984886878,174.06023531441562,485.26538758573685,1.7915725787647636,0
2026-01-01 12:55:00,68.71910112043817,169.43981991023435,491.4537351989099,2.6886169521672825,0
2026-01-01 12:56:00,72.09145129670053,175.10584727275773,492.3146074251386,1.76754204866466,0
2026-01-01 12:57:00,74.00992545779398,179.7037056236127,492.7550766238766,2.0086224674936948,0
2026-01-01 12:58:00,74.70226628359981,176.5655822038619,498.14707400419616,1.6697647963685867,0
2026-01-01 12:59:00,77.48268839020271,174.46063216100916,514.3832455425819,2.4655721228836427,0
2026-01-01 13:00:00,75.71080400373302,168.74946029062534,526.2355122239757,2.439871815891251,0
2026-01-01 13:01:00,69.65862256515959,179.33515541897043,480.507043194552,2.3693215147254545,0
2026-01-01 13:02:00,76.52079140402385,167.96223700775198,463.90397433832567,2.0829689221317693,0
2026-01-01 13:03:00,77.4423429811353,186.08044770951682,468.7386676327069,2.031106498625344,0
2026-01-01 13:04:00,77.23916179172416,180.65951802347604,485.3839123641522,2.6857479454186297,0
2026-01-01 13:05:00,79.32312290221849,168.33958800428056,489.44236046550475,2.279779227316605,0
2026-01-01 13:06:00,78.33568861819562,177.52632738360109,476.90011801407627,2.6265433286144577,0
2026-01-01 13:07:00,76.83672031691374,173.98274875527534,461.1165000725032,2.145900525550311,0
2026-01-01 13:08:00,74.71933715416542,182.55339608335345,486.31637517577434,2.572425097108433,0
2026-01-01 13:09:00,68.35615626593604,190.72360356818515,505.44279860341913,3.0213112149264254,0
2026-01-01 13:10:00,76.71847287653034,164.99862024283405,517.850883975067,2.7344663201571136,0
2026-01-01 13:11:00,75.83075074865245,180.92020863317933,483.27730840675036,2.335034472713408,0
2026-01-01 13:12:00,76.0863153487815,178.7189376354669,487.61006533569696,2.602879588142371,0
2026-01-01 13:13:00,69.89300569671876,185.37072061160373,472.1990507345807,2.4037339301879146,0
2026-01-01 13:14:00,70.67577383836695,181.70557302590151,499.0568248887567,2.5031520738778914,0
2026-01-01 13:15:00,79.21261141333162,173.98424534608944,474.5471409742756,2.3697555791405986,0
2026-01-01 13:16:00,74.84177938457339,177.44756851466707,517.1938343972361,2.4342659176458437,0
2026-01-01 13:17:00,77.7260027894905,173.6317931455721,446.42400524197666,2.58483734122967,0
2026-01-01 13:18:00,75.11327350452184,188.60805710878878,489.21110982642614,2.1026565201672196,0
2026-01-01 13:19:00,75.11902455798298,180.17049318937555,509.03322017575226,2.0936484692040085,0
2026-01-01 13:20:00,78.753135223904,195.20952548602406,505.51503548967514,1.9445829784675155,0
2026-01-01 13:21:00,72.9358210871305,179.51471348948303,580.7910099194149,1.859891558198516,0
2026-01-01 13:22:00,75.38448310776393,174.3327458647163,510.49400073703725,2.0130869231118083,0
2026-01-01 13:23:00,73.15089884517982,167.8902848590974,469.8783620947397,2.5637850027216516,0
2026-01-01 13:24:00,73.26201509027074,165.57488258995244,497.1360725873278,2.1428849938032464,0
2026-01-01 13:25:00,73.76331150612545,167.3269124559561,446.71260999600645,2.7054457856924383,0
2026-01-01 13:26:00,75.88853508653486,182.13701320809187,497.5820075210972,2.5138854995010247,0
2026-01-01 13:27:00,73.08500551334609,184.06980018583948,475.00831828997724,1.7125983146247785,0
2026-01-01 13:28:00,80.02302450229408,167.35047438374292,527.4617082668049,2.761990233688676,0
2026-01-01 13:29:00,71.42157079112198,187.1603065126089,483.51379176213396,2.824319458236684,0
2026-01-01 13:30:00,74.25251342335456,176.1355115865325,496.4970225261426,2.1024549300660587,0
2026-01-01 13:31:00,73.2410757669033,181.1743440958844,480.9332647578679,2.668076617157997,0
2026-01-01 13:32:00,80.78791153741493,192.8977650260434,552.1655405555999,2.1574007050363204,0
2026-01-01 13:33:00,75.7862191060463,187.17471452692425,490.3627170164626,2.5390681506993342,0
2026-01-01 13:34:00,79.12737815787455,177.85175481675333,554.9767113043761,1.9942006372180137,0
2026-01-01 13:35:00,69.05775850785211,172.8704621966777,524.424552863548,1.7827574189861692,0
2026-01-01 13:36:00,101.06820106347703,202.78547678936556,364.4620018200616,5.346873124154813,1
2026-01-01 13:37:00,78.55852318249374,174.24677344606064,511.0619944195256,2.4505084214900656,0
2026-01-01 13:38:00,100.3291359571017,218.31095808937843,361.81391894648755,5.340928122554159,1
2026-01-01 13:39:00,79.26192150026141,172.10256378279053,442.1698226196317,2.026387776710976,0
2026-01-01 13:40:00,72.9308461995985,178.94994426326156,491.6334981754773,2.340040375147545,0
2026-01-01 13:41:00,80.63738976074232,180.61481506367014,525.3547391355296,2.6077179010322937,0
2026-01-01 13:42:00,84.195592494477,178.20115214553536,498.53308449577685,2.482042787950985,0
2026-01-01 13:43:00,98.54864575824136,214.7999793534123,307.84430459589277,5.5730004122396855,1
2026-01-01 13:44:00,73.21798991439691,181.34923737573382,498.42786648267594,2.2319539198183067,0
2026-01-01 13:45:00,80.8135379084708,183.53552519655528,551.1231654876648,2.9686871658864638,0
2026-01-01 13:46:00,106.31828858292285,211.27680738045723,387.40675146604156,5.029530665378088,1
2026-01-01 13:47:00,72.90855989138693,191.28745903797017,498.13987971901906,2.6950241188346875,0
2026-01-01 13:48:00,73.31925273161657,179.2112949417259,528.5434783117425,2.9727564371839845,0
2026-01-01 13:49:00,73.87286156455797,180.1507969835588,489.00478938895844,2.692363237099558,0
2026-01-01 13:50:00,69.62219795586289,185.66571538605245,448.88385239519846,2.418990309174068,0
2026-01-01 13:51:00,71.32539221406321,181.865729050108,472.26602035611336,2.2886811813348085,0
2026-01-01 13:52:00,70.98343693299172,187.62509307130597,546.8866630552459,2.9144350604185023,0
2026-01-01 13:53:00,71.92880973958349,182.2969933216146,491.7802075451209,1.9308100298953308,0
2026-01-01 13:54:00,74.86126045045287,175.10050100287648,492.69848061874944,2.1119502958481426,0
2026-01-01 13:55:00,75.93685893014609,182.89202820164883,491.00485411175356,2.3409768938033113,0
2026-01-01 13:56:00,81.20200197125631,170.8501903414347,557.1240976871902,2.9950615030047993,0
2026-01-01 13:57:00,71.00658383704484,180.8684776462122,548.7787674608619,2.6519070544163585,0
2026-01-01 13:58:00,78.93728959390633,179.7341600748443,566.563407003444,2.112781696595902,0
2026-01-01 13:59:00,74.14404462309797,178.33506514181968,495.22864368799844,2.3758769178460386,0
2026-01-01 14:00:00,74.80214516139027,178.97169990848855,508.86873466241286,2.254270742361482,0
2026-01-01 14:01:00,77.69927796866642,164.9452076360189,454.5007235173763,2.216084403106586,0
2026-01-01 14:02:00,70.5091119137508,175.6102007380723,544.3080327835482,2.8915558234227117,0
2026-01-01 14:03:00,76.52963898473621,180.7427592091289,464.96661346196197,1.9513027482945977,0
2026-01-01 14:04:00,75.66580883285222,181.2788511359792,506.50326691287887,3.143512342293749,0
2026-01-01 14:05:00,76.9698050560326,171.77859887259234,467.08092417101466,2.8312918760738492,0
2026-01-01 14:06:00,76.15667457563127,190.1256627269176,482.3339951978391,2.936344668241479,0
2026-01-01 14:07:00,84.82120055964357,173.07060121428398,474.88212706850896,2.314824195189897,0
2026-01-01 14:08:00,72.44904006299474,187.7556576042139,481.76374217972545,2.4400237123683564,0
2026-01-01 14:09:00,72.87601217999273,183.41755489497348,483.8263189055306,1.926739274190115,0
2026-01-01 14:10:00,72.50743789430095,174.83018152124959,483.55193615224766,2.290135037173279,0
2026-01-01 14:11:00,72.77809152335898,194.2024871408761,525.0000173534092,2.6974619390572605,0
2026-01-01 14:12:00,72.45045149077393,170.45090534594817,466.8541162081244,3.0184252247125585,0
2026-01-01 14:13:00,79.7560661244302,187.35323338888,506.616242810416,2.0571372732790194,0
2026-01-01 14:14:00,80.68201699195942,188.00465854434384,536.5387745691668,2.353797625205894,0
2026-01-01 14:15:00,72.7170148250021,174.63503832738684,484.6041090645981,2.439480311906991,0
2026-01-01 14:16:00,71.67057770758308,191.13972240051464,478.46243327757196,1.9416843191230058,0
2026-01-01 14:17:00,76.88566222554562,177.99962788320838,493.0842612445925,2.73653969670336,0
2026-01-01 14:18:00,72.79110782287611,182.30954903423887,535.3917562508213,2.2104038673029565,0
2026-01-01 14:19:00,77.53172727102205,182.08257471016975,505.8232289286007,2.4218438595291905,0
2026-01-01 14:20:00,75.8116920834052,178.92553006823562,484.063571161772,2.319220251235249,0
2026-01-01 14:21:00,68.93702354001107,186.48646618527826,514.5162995356412,2.18426459771213,0
2026-01-01 14:22:00,81.19002080532024,186.3479097644177,466.9312355049073,2.4971820058077783,0
2026-01-01 14:23:00,82.18351069238209,166.01174421409456,520.4407853132884,2.413756168572791,0
2026-01-01 14:24:00,72.54884523806246,190.4347219430252,512.258219231053,2.3512568470885338,0
2026-01-01 14:25:00,73.44919376025607,166.7000640957146,490.7657458658335,2.208615351327863,0
2026-01-01 14:26:00,76.14346156289962,188.26036963473325,474.84242604658306,2.6278098683131823,0
2026-01-01 14:27:00,76.3378271599481,189.01364109462065,473.3995723314963,3.161446907396914,0
2026-01-01 14:28:00,77.63417709069132,171.27226855827843,516.0445200903773,2.555954893135651,0
2026-01-01 14:29:00,83.0408181550654,176.71348569636334,536.8694150746719,2.8984472859644517,0
2026-01-01 14:30:00,74.2922110900238,171.15436265211252,480.88076758913616,1.9439112299386148,0
2026-01-01 14:31:00,71.80681102184619,178.28063175769012,513.7516011065445,2.563104575717508,0
2026-01-01 14:32:00,69.48272308794189,177.53572572651407,437.38918944193796,2.061052672411573,0
2026-01-01 14:33:00,72.07627984023232,186.23728425815472,482.461468080284,1.9092300289872393,0
2026-01-01 14:34:00,74.8674921085048,190.48246996895688,499.06823201387294,2.2042514370163855,0
2026-01-01 14:35:00,82.17823145407115,191.16547048631963,472.709497490545,2.9767597337654292,0
2026-01-01 14:36:00,72.92955480385531,175.50265578737358,471.90480875631215,2.8800063314678583,0
2026-01-01 14:37:00,75.89515180655559,178.32622501004377,479.96661330593344,2.59720188882176,0
2026-01-01 14:38:00,74.934308415709,166.5324944622324,508.7657818497912,1.8869197760440275,0
2026-01-01 14:39:00,79.75357309379234,173.55303946803048,494.38012944780877,2.4214877394448253,0
2026-01-01 14:40:00,85.10772970349448,187.71881306477965,432.8530630002508,2.620680003560694,0
2026-01-01 14:41:00,72.87652490831871,192.92466258838584,436.378995420948,2.570214491831439,0
2026-01-01 14:42:00,73.04224222992711,170.1252090249606,481.79404466428474,1.7624825666077015,0
2026-01-01 14:43:00,79.17664350827629,175.26028592677685,513.7305975816066,2.1438728607920514,0
2026-01-01 14:44:00,77.72756595850525,179.7887539443286,417.57485471824293,2.4743688943405133,0
2026-01-01 14:45:00,82.38682930294414,182.24128927055685,485.0080947154511,2.714516363806876,0
2026-01-01 14:46:00,77.33571274130385,173.52317184062684,484.2125643044774,1.6215488715600213,0
2026-01-01 14:47:00,73.56283163685177,183.39248835571271,541.6501333462535,2.4351504098080565,0
2026-01-01 14:48:00,77.36261932276923,176.20928522343266,488.4493456486141,2.557219507951581,0
2026-01-01 14:49:00,79.43481432233163,179.88438183297376,511.48966954222783,2.8398447954064854,0
2026-01-01 14:50:00,78.28192872478945,184.3702739840296,504.2377142026239,2.7771430336949745,0
2026-01-01 14:51:00,77.02909612442919,180.0513781584875,436.08300560578397,2.733028527523522,0
2026-01-01 14:52:00,79.26669875835661,176.50891287578744,523.0462164989522,2.1800237973192265,0
2026-01-01 14:53:00,79.67718236178268,179.12312156859335,506.4618951636886,1.7367991451506768,0
2026-01-01 14:54:00,80.52863596415011,179.29309632635733,515.2480591902377,2.3427788971754397,0
2026-01-01 14:55:00,77.59483955035857,177.03991176094297,617.7871311930899,2.900652730083424,0
2026-01-01 14:56:00,74.33152767873258,177.92963149866318,437.47661181504236,3.0573818110097726,0
2026-01-01 14:57:00,75.58685474573329,192.78917736403773,551.7408994928333,2.784219640919114,0
2026-01-01 14:58:00,79.82603586603342,184.4873555835299,491.37657441798933,2.671736329120694,0
2026-01-01 14:59:00,71.73225731605106,177.63615745576672,508.6198671320903,2.651855859354386,0
2026-01-01 15:00:00,76.4746932354916,185.57563523608587,498.6346326409627,2.2775525012956876,0
2026-01-01 15:01:00,73.42664475069056,177.32944408195192,487.2729099980587,2.447975882578552,0
2026-01-01 15:02:00,75.11497929173927,189.38499710069314,482.90501215283723,3.1676278103305324,0
2026-01-01 15:03:00,80.11380745042919,182.95713753758474,509.8852620671903,2.1229767976832497,0
2026-01-01 15:04:00,75.76439627207961,179.14158284796616,454.48478909984965,3.145911516283941,0
2026-01-01 15:05:00,75.18574619262459,183.5817354064822,522.517375025653,2.3711887382031764,0
2026-01-01 15:06:00,69.56057543608033,167.432990783452,487.51416785344236,3.0301728436380313,0
2026-01-01 15:07:00,77.98501426410888,170.98586024872156,466.09791982878926,1.9372739962009846,0
2026-01-01 15:08:00,77.5819367245643,170.44859994880755,486.4996142601256,2.7343616804658595,0
2026-01-01 15:09:00,83.65301889322184,181.14354475810964,537.7144765058772,2.205291945620951,0
2026-01-01 15:10:00,73.76888706018799,193.86011999588072,483.9399473895133,1.933893123230325,0
2026-01-01 15:11:00,75.87660131065576,197.85040116954104,510.7536085462886,2.5874136169643784,0
2026-01-01 15:12:00,75.99753473484301,185.10440881152607,478.0713117285358,2.9037887154383877,0
2026-01-01 15:13:00,81.3098131190539,184.00675579955566,522.7376554977086,2.1620234245626015,0
2026-01-01 15:14:00,74.61881787045219,165.5915381267781,520.5652321637061,1.9003936158166395,0
2026-01-01 15:15:00,76.11608610308136,175.65860960212783,555.4582649988923,2.463262094266018,0
2026-01-01 15:16:00,77.43158603886616,173.69772998473408,494.73308163502355,2.4650258684891275,0
2026-01-01 15:17:00,75.74643649262543,175.03321921399106,520.0596441427372,2.7193278510217995,0
2026-01-01 15:18:00,73.21426554179789,178.6548494513217,502.94202618616833,2.8798378285457953,0
2026-01-01 15:19:00,75.77635997159324,176.22327537842298,538.8761534558904,2.4762339274910024,0
2026-01-01 15:20:00,79.29452699943909,164.1656015169937,478.4350283717381,3.2422013259177054,0
2026-01-01 15:21:00,95.89393880235576,225.98328204894028,372.3501593863184,5.589693897814117,1
2026-01-01 15:22:00,75.5318786965875,171.41805579408154,494.1590811164995,2.3614293975972402,0
2026-01-01 15:23:00,72.19951674024331,181.9139749128892,498.0743546867451,1.8553730563588688,0
2026-01-01 15:24:00,79.78018651569937,196.5926613579998,502.7525745334512,2.394936191873533,0
2026-01-01 15:25:00,68.9072523808649,172.64492326730863,507.56721189280034,2.3654452218355457,0
2026-01-01 15:26:00,72.76431261091365,159.75769981802935,496.51312870634126,2.884121918512588,0
2026-01-01 15:27:00,76.50884750025809,177.71196622495913,506.4413954951158,2.6849934496267416,0
2026-01-01 15:28:00,81.26209611693736,188.80767707998857,547.3435417268655,2.028252351346953,0
2026-01-01 15:29:00,74.73699895570805,195.66677963376475,529.5634905684566,2.568901754564415,0
2026-01-01 15:30:00,72.77920189322721,170.16360324438065,526.0746377749069,2.7686124686916216,0
2026-01-01 15:31:00,82.52462827776236,183.97359378589218,486.33381421928385,3.111212543755133,0
2026-01-01 15:32:00,69.20794439833503,176.27751634575958,473.32277515315025,2.855001586965624,0
2026-01-01 15:33:00,66.20477617351968,179.1524131655669,528.6590167471326,2.804338661724591,0
2026-01-01 15:34:00,76.76005780021333,201.15474677613628,526.2814037758939,2.5240343978460653,0
2026-01-01 15:35:00,72.99178310258955,167.97623737283877,544.1801202725295,2.65532480216938,0
2026-01-01 15:36:00,70.91506873147715,182.0299172919566,481.8805812209231,2.9998019602824635,0
2026-01-01 15:37:00,77.8334257891974,183.74154537412346,493.11354033918957,1.96688904100814,0
2026-01-01 15:38:00,100.9752028550848,228.6862905995148,300.81547512423697,5.360224269113218,1
2026-01-01 15:39:00,72.74368547705309,180.78386522776717,488.2258668181738,2.190972500497504,0
2026-01-01 15:40:00,69.87878240531643,182.4644043160328,529.8971153173834,2.6516612474904497,0
2026-01-01 15:41:00,78.48982931312058,176.86681146062568,486.00513862315404,2.9920888702603152,0
2026-01-01 15:42:00,102.60080471183464,222.15301552996087,369.2143938560247,5.26121028531157,1
2026-01-01 15:43:00,74.60329654488247,177.2544617960207,494.28490682006566,1.5438782530122248,0
2026-01-01 15:44:00,82.38654798419066,184.9725751188484,509.72171084664683,2.335111701990212,0
2026-01-01 15:45:00,70.71966093469538,177.04311731165092,465.56925830552996,2.8653894928069628,0
2026-01-01 15:46:00,68.89789931630105,183.0168031512175,502.556283489017,2.715051961179952,0
2026-01-01 15:47:00,97.23236772047503,219.76589749052016,260.2659208729783,5.67127449912423,1
2026-01-01 15:48:00,74.81765593457801,189.00840200617733,494.39311525514046,2.3880026792502083,0
2026-01-01 15:49:00,75.97335779729077,179.5888502112921,451.0858026885458,1.9883877055120855,0
2026-01-01 15:50:00,74.03505576857468,165.81574025434495,536.1798354964045,2.706117728649787,0
2026-01-01 15:51:00,76.40822158605718,190.09537200571194,523.3222205829353,2.16628727598615,0
2026-01-01 15:52:00,69.99384230323822,172.75414159309904,514.0001294589824,3.3736386933521825,0
2026-01-01 15:53:00,80.77505841629304,174.76986929080945,545.6301868147814,2.7282028833418064,0
2026-01-01 15:54:00,74.67139528642973,175.23470964765207,471.53250437525486,2.2677406789784196,0
2026-01-01 15:55:00,79.4691833263525,190.99550474536653,552.4208959374668,2.2554459010445487,0
2026-01-01 15:56:00,76.37090138551082,162.91460628817043,527.9657469278116,2.4628223173545645,0
2026-01-01 15:57:00,76.82701287661513,205.10198826927996,492.9033413834316,2.4041992311913,0
2026-01-01 15:58:00,77.27906912092881,188.44845447252843,534.0686044154884,2.9467335102119816,0
2026-01-01 15:59:00,76.79083424006926,181.78591131303327,466.811194627651,2.5745664678976183,0
2026-01-01 16:00:00,77.57089103947017,179.5608479950697,475.2645751541698,2.2073473044365888,0
2026-01-01 16:01:00,80.31661012052973,182.28443259886126,481.74230830280896,3.2561762740623132,0
2026-01-01 16:02:00,75.78608467880588,184.1689794270347,484.13066875807954,2.519723332608089,0
2026-01-01 16:03:00,77.83601503035405,185.16172468760047,468.3032707171924,2.8075358703875586,0
2026-01-01 16:04:00,74.64105722285109,184.44483572802758,536.6924920128597,2.2567093970220964,0
2026-01-01 16:05:00,80.76046886179789,180.716645450042,492.23436798890503,2.6452462510978094,0
2026-01-01 16:06:00,72.29443079176292,178.4212926375414,510.5751490507064,2.624443996457278,0
2026-01-01 16:07:00,82.20376173164327,178.7898137307719,482.8894590075896,1.744140283161539,0
2026-01-01 16:08:00,74.83936819742263,178.44073375717855,445.3819009835445,3.306110044184256,0
2026-01-01 16:09:00,69.27689959152781,189.0701607749365,508.1017207517427,3.016257784369019,0
2026-01-01 16:10:00,75.51241765964316,184.7484537782469,442.6323507374067,2.341121873541605,0
2026-01-01 16:11:00,72.27579337010047,156.47689092268575,497.9409786174359,2.0590921038176577,0
2026-01-01 16:12:00,78.36257419595489,185.2472062122381,458.9505488350157,2.639024645521421,0
2026-01-01 16:13:00,97.38950408279044,221.5578895577502,409.6182799769242,5.534679079765759,1
2026-01-01 16:14:00,73.21526626714088,179.85032994843283,527.3408816652417,2.6422675794252917,0
2026-01-01 16:15:00,67.44183707621788,176.89185237528892,503.17261373814443,2.5766309584776357,0
2026-01-01 16:16:00,73.1907747230037,188.9929017598881,537.9112003296401,2.7024963957223704,0
2026-01-01 16:17:00,65.30448269348418,187.58021169698287,474.61052067602793,3.0789222797567226,0
2026-01-01 16:18:00,68.66438870605711,173.81697865741114,516.3043813601028,2.7272412820514584,0
2026-01-01 16:19:00,78.0416586245772,183.2564182969963,505.9943130115614,2.0801378004360234,0
2026-01-01 16:20:00,78.14320063460333,172.2267461236697,507.9206024400101,3.045025141084981,0
2026-01-01 16:21:00,76.70183024713985,168.96305468168856,538.170605003203,3.156245825395315,0
2026-01-01 16:22:00,71.13209542748315,174.9862622032803,521.974763083394,3.760822693804834,0
2026-01-01 16:23:00,74.80915457543207,186.89914777906208,508.6617098847507,2.0506023867041607,0
2026-01-01 16:24:00,74.98558984363773,187.6250003630087,450.3533769131511,2.59715280526011,0
2026-01-01 16:25:00,70.36654124322983,184.10468336077835,471.1986111416161,1.6671605187244052,0
2026-01-01 16:26:00,81.0135932070686,185.80076629478398,496.3187319921283,2.7212596625516836,0
2026-01-01 16:27:00,78.50944916230269,184.12942629691966,502.80117122829955,2.280719880733291,0
2026-01-01 16:28:00,74.11614330468134,174.86814723821638,466.09388825978226,3.2693783179299816,0
2026-01-01 16:29:00,75.10754335597812,183.45538035739153,572.3503002673526,2.190154011992567,0
2026-01-01 16:30:00,75.8335312317902,186.40327620182146,545.4918216576071,1.8243267848130953,0
2026-01-01 16:31:00,66.83306052630283,186.0343306385086,518.0635496117745,2.311494503718992,0
2026-01-01 16:32:00,74.01129046991761,189.51130697179715,502.16110583851236,1.709804891513145,0
2026-01-01 16:33:00,72.2720630080088,185.6664307776085,493.63373090296545,2.800439781802924,0
2026-01-01 16:34:00,70.99351996042034,182.81158566033267,471.44244619933295,1.6739667814974717,0
2026-01-01 16:35:00,73.87559882845618,188.5612019065314,502.32441555556585,2.5113830324732636,0
2026-01-01 16:36:00,82.19074610739808,179.78782992600753,507.7325762042825,1.6688752720575213,0
2026-01-01 16:37:00,77.56337144506804,172.94500279017825,462.7471827355513,2.371880878185343,0
2026-01-01 16:38:00,72.71528404086881,178.6954642884499,510.02529251734694,3.1573512623218134,0
2026-01-01 16:39:00,77.29033112542463,174.04077884154842,495.34222853525756,2.644259156574318,0
